1e-09,1e-09,1e-09,1e-09,1e-09,1e-09,1e-09,1e-09,1e-09,1e-09,1e-09,1e-09,1e-09,1e-09,1e-09,1e-09,1e-09,1e-09,1e-09,1e-09,1e-09,1e-09,1e-09,1e-09,1e-09,1e-09,1e-09,1e-09,1e-09,1e-09,1e-09,1e-09,1e-09,0.027916312,1e-09,0.006666839,1e-09,1e-09,1e-09,1e-09,1e-09,1e-09,1e-09,1e-09,1e-09,1e-09,1e-09,2.0861626e-07,1e-09,1e-09,1e-09,1e-09,1e-09,1e-09,1e-09,1e-09,1e-09,1e-09,1e-09,1e-09,7.390976e-06,1e-09,1e-09,1e-09,1e-09,1e-09,1e-09,1e-09,1e-09,1e-09,1e-09,1e-09,1e-09,9.0032816e-05,1e-09,1e-09,1e-09,1e-09,4.6789646e-06,1e-09,1e-09,1e-09,1e-09,1e-09,1e-09,1e-09,1e-09,1e-09,1e-09,1e-09,1e-09,1e-09,1e-09,1e-09,4.23193e-06,1e-09,1e-09,1e-09,1e-09,1e-09,1e-09,0.015374273,1e-09,1e-09,1e-09,1e-09,1e-09,1e-09,1e-09,1e-09,1e-09,1e-09,1e-09,1e-09,1e-09,3.2186508e-06,1e-09,1e-09,1e-09,1e-09,1e-09,1e-09,1e-09,1e-09,1e-09,0.00014710426,1e-09,1e-09,1e-09,1e-09,1e-09,1e-09,1e-09,1e-09,1e-09,1e-09,1e-09,8.34465e-07,1e-09,1e-09,1e-09,1e-09,1e-09,1e-09,1e-09,1e-09,1e-09,1e-09,1e-09,1e-09,1e-09,1e-09,1e-09,1e-09,1e-09,1e-09,1e-09,1e-09,1e-09,1e-09,1e-09,1e-09,1e-09,1e-09,1e-09,1e-09,1e-09,1e-09,1e-09,1e-09,1e-09,1e-09,1e-09,1e-09,1e-09,1e-09,1e-09,1e-09,1e-09,1e-09,1e-09,1e-09,1e-09,1e-09,1e-09,1e-09,1e-09,1e-09,1e-09,1e-09,1e-09,1e-09
1e-09,1e-09,1e-09,1e-09,1e-09,1e-09,1e-09,1e-09,1e-09,1e-09,1e-09,1e-09,1e-09,1e-09,1e-09,1e-09,1e-09,1e-09,1e-09,1e-09,1e-09,1e-09,1e-09,1e-09,1e-09,1e-09,1e-09,1e-09,1e-09,1e-09,1e-09,1e-09,1e-09,0.027916312,1e-09,0.006666839,1e-09,1e-09,1e-09,1e-09,1e-09,1e-09,1e-09,1e-09,1e-09,1e-09,1e-09,9.834766e-07,1e-09,1e-09,1e-09,1e-09,1e-09,1e-09,1e-09,1e-09,1e-09,1e-09,1e-09,1e-09,7.390976e-06,1e-09,1e-09,1e-09,1e-09,1e-09,1e-09,1e-09,1e-09,1e-09,1e-09,1e-09,1e-09,9.0032816e-05,1e-09,1e-09,1e-09,1e-09,2.0474195e-05,1e-09,1e-09,1e-09,1e-09,1e-09,1e-09,1e-09,1e-09,1e-09,1e-09,1e-09,1e-09,1e-09,1e-09,1e-09,2.0176172e-05,1e-09,1e-09,1e-09,1e-09,1e-09,1e-09,0.015374273,1e-09,1e-09,1e-09,1e-09,1e-09,1e-09,1e-09,1e-09,1e-09,1e-09,1e-09,1e-09,1e-09,3.2186508e-06,1e-09,1e-09,1e-09,1e-09,1e-09,1e-09,1e-09,1e-09,1e-09,0.00037664175,1e-09,1e-09,1e-09,1e-09,1e-09,1e-09,1e-09,1e-09,1e-09,1e-09,1e-09,8.34465e-07,1e-09,1e-09,1e-09,1e-09,1e-09,1e-09,1e-09,1e-09,1e-09,1e-09,1e-09,1e-09,1e-09,1e-09,1e-09,1e-09,1e-09,1e-09,1e-09,1e-09,1e-09,1e-09,1e-09,1e-09,1e-09,1e-09,1e-09,1e-09,1e-09,1e-09,1e-09,1e-09,1e-09,1e-09,1e-09,1e-09,1e-09,1e-09,1e-09,1e-09,1e-09,1e-09,1e-09,1e-09,1e-09,1e-09,1e-09,1e-09,1e-09,1e-09,1e-09,1e-09,1e-09,1e-09
1e-09,1e-09,1e-09,1e-09,1e-09,1e-09,1e-09,1e-09,1e-09,1e-09,1e-09,1e-09,1e-09,1e-09,1e-09,1e-09,1e-09,1e-09,1e-09,1e-09,1e-09,1e-09,1e-09,1e-09,1e-09,1e-09,1e-09,1e-09,1e-09,1e-09,1e-09,1e-09,1e-09,0.027916312,1e-09,0.010779053,1e-09,1e-09,1e-09,1e-09,1e-09,1e-09,1e-09,1e-09,1e-09,1e-09,1e-09,9.834766e-07,1e-09,1e-09,1e-09,1e-09,1e-09,1e-09,1e-09,1e-09,1e-09,1e-09,1e-09,1e-09,7.390976e-06,1e-09,1e-09,1e-09,1e-09,1e-09,1e-09,1e-09,1e-09,1e-09,1e-09,1e-09,1e-09,9.0032816e-05,1e-09,1e-09,1e-09,1e-09,2.0474195e-05,1e-09,1e-09,1e-09,1e-09,1e-09,1e-09,1e-09,1e-09,1e-09,1e-09,1e-09,1e-09,1e-09,1e-09,1e-09,2.0176172e-05,1e-09,1e-09,1e-09,1e-09,1e-09,1e-09,0.015374273,1e-09,1e-09,1e-09,1e-09,1e-09,1e-09,1e-09,1e-09,1e-09,1e-09,1e-09,1e-09,1e-09,3.2186508e-06,1e-09,1e-09,1e-09,1e-09,1e-09,1e-09,1e-09,1e-09,1e-09,0.00037664175,1e-09,1e-09,1e-09,1e-09,1e-09,1e-09,1e-09,1e-09,1e-09,1e-09,1e-09,8.34465e-07,1e-09,1e-09,1e-09,1e-09,1e-09,1e-09,1e-09,1e-09,1e-09,1e-09,1e-09,1e-09,1e-09,1e-09,1e-09,1e-09,1e-09,1e-09,1e-09,1e-09,1e-09,1e-09,1e-09,1e-09,1e-09,1e-09,1e-09,1e-09,1e-09,1e-09,1e-09,1e-09,1e-09,1e-09,1e-09,1e-09,1e-09,1e-09,1e-09,1e-09,1e-09,1e-09,1e-09,1e-09,1e-09,1e-09,1e-09,1e-09,1e-09,1e-09,1e-09,1e-09,1e-09,1e-09
1e-09,1e-09,1e-09,1e-09,1e-09,1e-09,1e-09,1e-09,1e-09,1e-09,1e-09,1e-09,1e-09,1e-09,1e-09,1e-09,1e-09,1e-09,1e-09,1e-09,1e-09,1e-09,1e-09,1e-09,1e-09,1e-09,1e-09,1e-09,1e-09,1e-09,1e-09,1e-09,1e-09,0.027916312,1e-09,0.010779053,1e-09,1e-09,1e-09,1e-09,1e-09,1e-09,1e-09,1e-09,1e-09,1e-09,1e-09,9.834766e-07,1e-09,1e-09,1e-09,1e-09,1e-09,1e-09,1e-09,1e-09,1e-09,1e-09,1e-09,1e-09,7.390976e-06,1e-09,1e-09,1e-09,1e-09,1e-09,1e-09,1e-09,1e-09,1e-09,1e-09,1e-09,1e-09,9.0032816e-05,1e-09,1e-09,1e-09,1e-09,2.0474195e-05,1e-09,1e-09,1e-09,1e-09,1e-09,1e-09,1e-09,1e-09,1e-09,1e-09,1e-09,1e-09,1e-09,1e-09,1e-09,2.0176172e-05,1e-09,1e-09,1e-09,1e-09,1e-09,1e-09,0.015374273,1e-09,1e-09,1e-09,1e-09,1e-09,1e-09,1e-09,1e-09,1e-09,1e-09,1e-09,1e-09,1e-09,3.2186508e-06,1e-09,1e-09,1e-09,1e-09,1e-09,1e-09,1e-09,1e-09,1e-09,0.00037664175,1e-09,1e-09,1e-09,1e-09,1e-09,1e-09,1e-09,1e-09,1e-09,1e-09,1e-09,8.34465e-07,1e-09,1e-09,1e-09,1e-09,1e-09,1e-09,1e-09,1e-09,1e-09,1e-09,1e-09,1e-09,1e-09,1e-09,1e-09,1e-09,1e-09,1e-09,1e-09,1e-09,1e-09,1e-09,1e-09,1e-09,1e-09,1e-09,1e-09,1e-09,1e-09,1e-09,1e-09,1e-09,1e-09,1e-09,1e-09,1e-09,1e-09,1e-09,1e-09,1e-09,1e-09,1e-09,1e-09,1e-09,1e-09,1e-09,1e-09,1e-09,1e-09,1e-09,1e-09,1e-09,1e-09,1e-09
1e-09,1e-09,1e-09,1e-09,1e-09,1e-09,1e-09,1e-09,1e-09,1e-09,1e-09,1e-09,1e-09,1e-09,1e-09,1e-09,1e-09,1e-09,1e-09,1e-09,1e-09,1e-09,1e-09,1e-09,1e-09,1e-09,1e-09,1e-09,1e-09,1e-09,1e-09,1e-09,1e-09,0.033295512,1e-09,0.010779053,1e-09,1e-09,1e-09,1e-09,1e-09,1e-09,1e-09,1e-09,1e-09,1e-09,1e-09,9.834766e-07,1e-09,1e-09,1e-09,1e-09,1e-09,1e-09,1e-09,1e-09,1e-09,1e-09,1e-09,1e-09,3.257394e-05,1e-09,1e-09,1e-09,1e-09,1e-09,1e-09,1e-09,1e-09,1e-09,1e-09,1e-09,1e-09,0.0002991855,1e-09,1e-09,1e-09,1e-09,2.0474195e-05,1e-09,1e-09,1e-09,1e-09,1e-09,1e-09,1e-09,1e-09,1e-09,1e-09,1e-09,1e-09,1e-09,1e-09,1e-09,2.0176172e-05,1e-09,1e-09,1e-09,1e-09,1e-09,1e-09,0.022393912,1e-09,1e-09,1e-09,1e-09,1e-09,1e-09,1e-09,1e-09,1e-09,1e-09,1e-09,1e-09,1e-09,1.7225742e-05,1e-09,1e-09,1e-09,1e-09,1e-09,1e-09,1e-09,1e-09,1e-09,0.00037664175,1e-09,1e-09,1e-09,1e-09,1e-09,1e-09,1e-09,1e-09,1e-09,1e-09,1e-09,5.4836273e-06,1e-09,1e-09,1e-09,1e-09,1e-09,1e-09,1e-09,1e-09,1e-09,1e-09,1e-09,1e-09,1e-09,1e-09,1e-09,1e-09,1e-09,1e-09,1e-09,1e-09,1e-09,1e-09,1e-09,1e-09,1e-09,1e-09,1e-09,1e-09,1e-09,1e-09,1e-09,1e-09,1e-09,1e-09,1e-09,1e-09,1e-09,1e-09,1e-09,1e-09,1e-09,1e-09,1e-09,1e-09,1e-09,1e-09,1e-09,1e-09,1e-09,1e-09,1e-09,1e-09,1e-09,1e-09
1e-09,1e-09,1e-09,1e-09,1e-09,1e-09,1e-09,1e-09,1e-09,1e-09,1e-09,1e-09,1e-09,1e-09,1e-09,1e-09,1e-09,1e-09,1e-09,1e-09,1e-09,1e-09,1e-09,1e-09,1e-09,1e-09,1e-09,1e-09,1e-09,1e-09,1e-09,1e-09,1e-09,0.033295512,1e-09,0.010779053,1e-09,1e-09,1e-09,1e-09,1e-09,1e-09,1e-09,1e-09,1e-09,1e-09,1e-09,4.917383e-06,1e-09,1e-09,1e-09,1e-09,1e-09,1e-09,1e-09,1e-09,1e-09,1e-09,1e-09,1e-09,3.257394e-05,1e-09,1e-09,1e-09,1e-09,1e-09,1e-09,1e-09,1e-09,1e-09,1e-09,1e-09,1e-09,0.0002991855,1e-09,1e-09,1e-09,1e-09,8.788705e-05,1e-09,1e-09,1e-09,1e-09,1e-09,1e-09,1e-09,1e-09,1e-09,1e-09,1e-09,1e-09,1e-09,1e-09,1e-09,9.432435e-05,1e-09,1e-09,1e-09,1e-09,1e-09,1e-09,0.022393912,1e-09,1e-09,1e-09,1e-09,1e-09,1e-09,1e-09,1e-09,1e-09,1e-09,1e-09,1e-09,1e-09,1.7225742e-05,1e-09,1e-09,1e-09,1e-09,1e-09,1e-09,1e-09,1e-09,1e-09,0.00096547604,1e-09,1e-09,1e-09,1e-09,1e-09,1e-09,1e-09,1e-09,1e-09,1e-09,1e-09,5.4836273e-06,1e-09,1e-09,1e-09,1e-09,1e-09,1e-09,1e-09,1e-09,1e-09,1e-09,1e-09,1e-09,1e-09,1e-09,1e-09,1e-09,1e-09,1e-09,1e-09,1e-09,1e-09,1e-09,1e-09,1e-09,1e-09,1e-09,1e-09,1e-09,1e-09,1e-09,1e-09,1e-09,1e-09,1e-09,1e-09,1e-09,1e-09,1e-09,1e-09,1e-09,1e-09,1e-09,1e-09,1e-09,1e-09,1e-09,1e-09,1e-09,1e-09,1e-09,1e-09,1e-09,1e-09,1e-09
1e-09,1e-09,1e-09,1e-09,1e-09,1e-09,1e-09,1e-09,1e-09,1e-09,1e-09,1e-09,1e-09,1e-09,1e-09,1e-09,1e-09,1e-09,1e-09,1e-09,1e-09,1e-09,1e-09,1e-09,1e-09,1e-09,1e-09,1e-09,1e-09,1e-09,1e-09,1e-09,1e-09,0.033295512,1e-09,0.016704291,1e-09,1e-09,1e-09,1e-09,1e-09,1e-09,1e-09,1e-09,1e-09,1e-09,1e-09,4.917383e-06,1e-09,1e-09,1e-09,1e-09,1e-09,1e-09,1e-09,1e-09,1e-09,1e-09,1e-09,1e-09,3.257394e-05,1e-09,1e-09,1e-09,1e-09,1e-09,1e-09,1e-09,1e-09,1e-09,1e-09,1e-09,1e-09,0.0002991855,1e-09,1e-09,1e-09,1e-09,8.788705e-05,1e-09,1e-09,1e-09,1e-09,1e-09,1e-09,1e-09,1e-09,1e-09,1e-09,1e-09,1e-09,1e-09,1e-09,1e-09,9.432435e-05,1e-09,1e-09,1e-09,1e-09,1e-09,1e-09,0.022393912,1e-09,1e-09,1e-09,1e-09,1e-09,1e-09,1e-09,1e-09,1e-09,1e-09,1e-09,1e-09,1e-09,1.7225742e-05,1e-09,1e-09,1e-09,1e-09,1e-09,1e-09,1e-09,1e-09,1e-09,0.00096547604,1e-09,1e-09,1e-09,1e-09,1e-09,1e-09,1e-09,1e-09,1e-09,1e-09,1e-09,5.4836273e-06,1e-09,1e-09,1e-09,1e-09,1e-09,1e-09,1e-09,1e-09,1e-09,1e-09,1e-09,1e-09,1e-09,1e-09,1e-09,1e-09,1e-09,1e-09,1e-09,1e-09,1e-09,1e-09,1e-09,1e-09,1e-09,1e-09,1e-09,1e-09,1e-09,1e-09,1e-09,1e-09,1e-09,1e-09,1e-09,1e-09,1e-09,1e-09,1e-09,1e-09,1e-09,1e-09,1e-09,1e-09,1e-09,1e-09,1e-09,1e-09,1e-09,1e-09,1e-09,1e-09,1e-09,1e-09
1e-09,1e-09,1e-09,1e-09,1e-09,1e-09,1e-09,1e-09,1e-09,1e-09,1e-09,1e-09,1e-09,1e-09,1e-09,1e-09,1e-09,1e-09,1e-09,1e-09,1e-09,1e-09,1e-09,1e-09,1e-09,1e-09,1e-09,1e-09,1e-09,1e-09,1e-09,1e-09,1e-09,0.033295512,1e-09,0.016704291,1e-09,1e-09,1e-09,1e-09,1e-09,1e-09,1e-09,1e-09,1e-09,1e-09,1e-09,4.917383e-06,1e-09,1e-09,1e-09,1e-09,1e-09,1e-09,1e-09,1e-09,1e-09,1e-09,1e-09,1e-09,3.257394e-05,1e-09,1e-09,1e-09,1e-09,1e-09,1e-09,1e-09,1e-09,1e-09,1e-09,1e-09,1e-09,0.0002991855,1e-09,1e-09,1e-09,1e-09,8.788705e-05,1e-09,1e-09,1e-09,1e-09,1e-09,1e-09,1e-09,1e-09,1e-09,1e-09,1e-09,1e-09,1e-09,1e-09,1e-09,9.432435e-05,1e-09,1e-09,1e-09,1e-09,1e-09,1e-09,0.022393912,1e-09,1e-09,1e-09,1e-09,1e-09,1e-09,1e-09,1e-09,1e-09,1e-09,1e-09,1e-09,1e-09,1.7225742e-05,1e-09,1e-09,1e-09,1e-09,1e-09,1e-09,1e-09,1e-09,1e-09,0.00096547604,1e-09,1e-09,1e-09,1e-09,1e-09,1e-09,1e-09,1e-09,1e-09,1e-09,1e-09,5.4836273e-06,1e-09,1e-09,1e-09,1e-09,1e-09,1e-09,1e-09,1e-09,1e-09,1e-09,1e-09,1e-09,1e-09,1e-09,1e-09,1e-09,1e-09,1e-09,1e-09,1e-09,1e-09,1e-09,1e-09,1e-09,1e-09,1e-09,1e-09,1e-09,1e-09,1e-09,1e-09,1e-09,1e-09,1e-09,1e-09,1e-09,1e-09,1e-09,1e-09,1e-09,1e-09,1e-09,1e-09,1e-09,1e-09,1e-09,1e-09,1e-09,1e-09,1e-09,1e-09,1e-09,1e-09,1e-09
1e-09,1e-09,1e-09,1e-09,1e-09,1e-09,1e-09,1e-09,1e-09,1e-09,1e-09,1e-09,1e-09,1e-09,1e-09,1e-09,1e-09,1e-09,1e-09,1e-09,1e-09,1e-09,1e-09,1e-09,1e-09,1e-09,1e-09,1e-09,1e-09,1e-09,1e-09,1e-09,1e-09,0.038764447,1e-09,0.016704291,1e-09,1e-09,1e-09,1e-09,1e-09,1e-09,1e-09,1e-09,1e-09,1e-09,1e-09,4.917383e-06,1e-09,1e-09,1e-09,1e-09,1e-09,1e-09,1e-09,1e-09,1e-09,1e-09,1e-09,1e-09,0.00014641881,1e-09,1e-09,1e-09,1e-09,1e-09,1e-09,1e-09,1e-09,1e-09,1e-09,1e-09,1e-09,0.000995189,1e-09,1e-09,1e-09,1e-09,8.788705e-05,1e-09,1e-09,1e-09,1e-09,1e-09,1e-09,1e-09,1e-09,1e-09,1e-09,1e-09,1e-09,1e-09,1e-09,1e-09,9.432435e-05,1e-09,1e-09,1e-09,1e-09,1e-09,1e-09,0.03085336,1e-09,1e-09,1e-09,1e-09,1e-09,1e-09,1e-09,1e-09,1e-09,1e-09,1e-09,1e-09,1e-09,9.599328e-05,1e-09,1e-09,1e-09,1e-09,1e-09,1e-09,1e-09,1e-09,1e-09,0.00096547604,1e-09,1e-09,1e-09,1e-09,1e-09,1e-09,1e-09,1e-09,1e-09,1e-09,1e-09,3.07858e-05,1e-09,1e-09,1e-09,1e-09,1e-09,1e-09,1e-09,1e-09,1e-09,1e-09,1e-09,1e-09,1e-09,1e-09,1e-09,1e-09,1e-09,1e-09,1e-09,1e-09,1e-09,1e-09,1e-09,1e-09,1e-09,1e-09,1e-09,1e-09,1e-09,1e-09,1e-09,1e-09,1e-09,1e-09,1e-09,1e-09,1e-09,1e-09,1e-09,1e-09,1e-09,1e-09,1e-09,1e-09,1e-09,1e-09,1e-09,1e-09,1e-09,1e-09,1e-09,1e-09,1e-09,1e-09
1e-09,1e-09,1e-09,1e-09,1e-09,1e-09,1e-09,1e-09,1e-09,1e-09,1e-09,1e-09,1e-09,1e-09,1e-09,1e-09,1e-09,1e-09,1e-09,1e-09,1e-09,1e-09,1e-09,1e-09,1e-09,1e-09,1e-09,1e-09,1e-09,1e-09,1e-09,1e-09,1e-09,0.038764447,1e-09,0.016704291,1e-09,1e-09,1e-09,1e-09,1e-09,1e-09,1e-09,1e-09,1e-09,1e-09,1e-09,2.6285648e-05,1e-09,1e-09,1e-09,1e-09,1e-09,1e-09,1e-09,1e-09,1e-09,1e-09,1e-09,1e-09,0.00014641881,1e-09,1e-09,1e-09,1e-09,1e-09,1e-09,1e-09,1e-09,1e-09,1e-09,1e-09,1e-09,0.000995189,1e-09,1e-09,1e-09,1e-09,0.00037902594,1e-09,1e-09,1e-09,1e-09,1e-09,1e-09,1e-09,1e-09,1e-09,1e-09,1e-09,1e-09,1e-09,1e-09,1e-09,0.0004388988,1e-09,1e-09,1e-09,1e-09,1e-09,1e-09,0.03085336,1e-09,1e-09,1e-09,1e-09,1e-09,1e-09,1e-09,1e-09,1e-09,1e-09,1e-09,1e-09,1e-09,9.599328e-05,1e-09,1e-09,1e-09,1e-09,1e-09,1e-09,1e-09,1e-09,1e-09,0.0024852753,1e-09,1e-09,1e-09,1e-09,1e-09,1e-09,1e-09,1e-09,1e-09,1e-09,1e-09,3.07858e-05,1e-09,1e-09,1e-09,1e-09,1e-09,1e-09,1e-09,1e-09,1e-09,1e-09,1e-09,1e-09,1e-09,1e-09,1e-09,1e-09,1e-09,1e-09,1e-09,1e-09,1e-09,1e-09,1e-09,1e-09,1e-09,1e-09,1e-09,1e-09,1e-09,1e-09,1e-09,1e-09,1e-09,1e-09,1e-09,1e-09,1e-09,1e-09,1e-09,1e-09,1e-09,1e-09,1e-09,1e-09,1e-09,1e-09,1e-09,1e-09,1e-09,1e-09,1e-09,1e-09,1e-09,1e-09
1e-09,1e-09,1e-09,1e-09,1e-09,1e-09,1e-09,1e-09,1e-09,1e-09,1e-09,1e-09,1e-09,1e-09,1e-09,1e-09,1e-09,1e-09,1e-09,1e-09,1e-09,1e-09,1e-09,1e-09,1e-09,1e-09,1e-09,1e-09,1e-09,1e-09,1e-09,1e-09,1e-09,0.038764447,1e-09,0.024913669,1e-09,1e-09,1e-09,1e-09,1e-09,1e-09,1e-09,1e-09,1e-09,1e-09,1e-09,2.6285648e-05,1e-09,1e-09,1e-09,1e-09,1e-09,1e-09,1e-09,1e-09,1e-09,1e-09,1e-09,1e-09,0.00014641881,1e-09,1e-09,1e-09,1e-09,1e-09,1e-09,1e-09,1e-09,1e-09,1e-09,1e-09,1e-09,0.000995189,1e-09,1e-09,1e-09,1e-09,0.00037902594,1e-09,1e-09,1e-09,1e-09,1e-09,1e-09,1e-09,1e-09,1e-09,1e-09,1e-09,1e-09,1e-09,1e-09,1e-09,0.0004388988,1e-09,1e-09,1e-09,1e-09,1e-09,1e-09,0.03085336,1e-09,1e-09,1e-09,1e-09,1e-09,1e-09,1e-09,1e-09,1e-09,1e-09,1e-09,1e-09,1e-09,9.599328e-05,1e-09,1e-09,1e-09,1e-09,1e-09,1e-09,1e-09,1e-09,1e-09,0.0024852753,1e-09,1e-09,1e-09,1e-09,1e-09,1e-09,1e-09,1e-09,1e-09,1e-09,1e-09,3.07858e-05,1e-09,1e-09,1e-09,1e-09,1e-09,1e-09,1e-09,1e-09,1e-09,1e-09,1e-09,1e-09,1e-09,1e-09,1e-09,1e-09,1e-09,1e-09,1e-09,1e-09,1e-09,1e-09,1e-09,1e-09,1e-09,1e-09,1e-09,1e-09,1e-09,1e-09,1e-09,1e-09,1e-09,1e-09,1e-09,1e-09,1e-09,1e-09,1e-09,1e-09,1e-09,1e-09,1e-09,1e-09,1e-09,1e-09,1e-09,1e-09,1e-09,1e-09,1e-09,1e-09,1e-09,1e-09
1e-09,1e-09,1e-09,1e-09,1e-09,1e-09,1e-09,1e-09,1e-09,1e-09,1e-09,1e-09,1e-09,1e-09,1e-09,1e-09,1e-09,1e-09,1e-09,1e-09,1e-09,1e-09,1e-09,1e-09,1e-09,1e-09,1e-09,1e-09,1e-09,1e-09,1e-09,1e-09,1e-09,0.038764447,1e-09,0.024913669,1e-09,1e-09,1e-09,1e-09,1e-09,1e-09,1e-09,1e-09,1e-09,1e-09,1e-09,2.6285648e-05,1e-09,1e-09,1e-09,1e-09,1e-09,1e-09,1e-09,1e-09,1e-09,1e-09,1e-09,1e-09,0.00014641881,1e-09,1e-09,1e-09,1e-09,1e-09,1e-09,1e-09,1e-09,1e-09,1e-09,1e-09,1e-09,0.000995189,1e-09,1e-09,1e-09,1e-09,0.00037902594,1e-09,1e-09,1e-09,1e-09,1e-09,1e-09,1e-09,1e-09,1e-09,1e-09,1e-09,1e-09,1e-09,1e-09,1e-09,0.0004388988,1e-09,1e-09,1e-09,1e-09,1e-09,1e-09,0.03085336,1e-09,1e-09,1e-09,1e-09,1e-09,1e-09,1e-09,1e-09,1e-09,1e-09,1e-09,1e-09,1e-09,9.599328e-05,1e-09,1e-09,1e-09,1e-09,1e-09,1e-09,1e-09,1e-09,1e-09,0.0024852753,1e-09,1e-09,1e-09,1e-09,1e-09,1e-09,1e-09,1e-09,1e-09,1e-09,1e-09,3.07858e-05,1e-09,1e-09,1e-09,1e-09,1e-09,1e-09,1e-09,1e-09,1e-09,1e-09,1e-09,1e-09,1e-09,1e-09,1e-09,1e-09,1e-09,1e-09,1e-09,1e-09,1e-09,1e-09,1e-09,1e-09,1e-09,1e-09,1e-09,1e-09,1e-09,1e-09,1e-09,1e-09,1e-09,1e-09,1e-09,1e-09,1e-09,1e-09,1e-09,1e-09,1e-09,1e-09,1e-09,1e-09,1e-09,1e-09,1e-09,1e-09,1e-09,1e-09,1e-09,1e-09,1e-09,1e-09
1e-09,1e-09,1e-09,1e-09,1e-09,1e-09,1e-09,1e-09,1e-09,1e-09,1e-09,1e-09,1e-09,1e-09,1e-09,1e-09,1e-09,1e-09,1e-09,1e-09,1e-09,1e-09,1e-09,1e-09,1e-09,1e-09,1e-09,1e-09,1e-09,1e-09,1e-09,1e-09,1e-09,0.044473678,1e-09,0.024913669,1e-09,1e-09,1e-09,1e-09,1e-09,1e-09,1e-09,1e-09,1e-09,1e-09,1e-09,2.6285648e-05,1e-09,1e-09,1e-09,1e-09,1e-09,1e-09,1e-09,1e-09,1e-09,1e-09,1e-09,1e-09,0.0006838441,1e-09,1e-09,1e-09,1e-09,1e-09,1e-09,1e-09,1e-09,1e-09,1e-09,1e-09,1e-09,0.003308624,1e-09,1e-09,1e-09,1e-09,0.00037902594,1e-09,1e-09,1e-09,1e-09,1e-09,1e-09,1e-09,1e-09,1e-09,1e-09,1e-09,1e-09,1e-09,1e-09,1e-09,0.0004388988,1e-09,1e-09,1e-09,1e-09,1e-09,1e-09,0.03981,1e-09,1e-09,1e-09,1e-09,1e-09,1e-09,1e-09,1e-09,1e-09,1e-09,1e-09,1e-09,1e-09,0.00055885315,1e-09,1e-09,1e-09,1e-09,1e-09,1e-09,1e-09,1e-09,1e-09,0.0024852753,1e-09,1e-09,1e-09,1e-09,1e-09,1e-09,1e-09,1e-09,1e-09,1e-09,1e-09,0.00018852949,1e-09,1e-09,1e-09,1e-09,1e-09,1e-09,1e-09,1e-09,1e-09,1e-09,1e-09,1e-09,1e-09,1e-09,1e-09,1e-09,1e-09,1e-09,1e-09,1e-09,1e-09,1e-09,1e-09,1e-09,1e-09,1e-09,1e-09,1e-09,1e-09,1e-09,1e-09,1e-09,1e-09,1e-09,1e-09,1e-09,1e-09,1e-09,1e-09,1e-09,1e-09,1e-09,1e-09,1e-09,1e-09,1e-09,1e-09,1e-09,1e-09,1e-09,1e-09,1e-09,1e-09,1e-09
1e-09,1e-09,1e-09,1e-09,1e-09,1e-09,1e-09,1e-09,1e-09,1e-09,1e-09,1e-09,1e-09,1e-09,1e-09,1e-09,1e-09,1e-09,1e-09,1e-09,1e-09,1e-09,1e-09,1e-09,1e-09,1e-09,1e-09,1e-09,1e-09,1e-09,1e-09,1e-09,1e-09,0.044473678,1e-09,0.024913669,1e-09,1e-09,1e-09,1e-09,1e-09,1e-09,1e-09,1e-09,1e-09,1e-09,1e-09,0.0001514256,1e-09,1e-09,1e-09,1e-09,1e-09,1e-09,1e-09,1e-09,1e-09,1e-09,1e-09,1e-09,0.0006838441,1e-09,1e-09,1e-09,1e-09,1e-09,1e-09,1e-09,1e-09,1e-09,1e-09,1e-09,1e-09,0.003308624,1e-09,1e-09,1e-09,1e-09,0.0016486347,1e-09,1e-09,1e-09,1e-09,1e-09,1e-09,1e-09,1e-09,1e-09,1e-09,1e-09,1e-09,1e-09,1e-09,1e-09,0.0020166337,1e-09,1e-09,1e-09,1e-09,1e-09,1e-09,0.03981,1e-09,1e-09,1e-09,1e-09,1e-09,1e-09,1e-09,1e-09,1e-09,1e-09,1e-09,1e-09,1e-09,0.00055885315,1e-09,1e-09,1e-09,1e-09,1e-09,1e-09,1e-09,1e-09,1e-09,0.0064941347,1e-09,1e-09,1e-09,1e-09,1e-09,1e-09,1e-09,1e-09,1e-09,1e-09,1e-09,0.00018852949,1e-09,1e-09,1e-09,1e-09,1e-09,1e-09,1e-09,1e-09,1e-09,1e-09,1e-09,1e-09,1e-09,1e-09,1e-09,1e-09,1e-09,1e-09,1e-09,1e-09,1e-09,1e-09,1e-09,1e-09,1e-09,1e-09,1e-09,1e-09,1e-09,1e-09,1e-09,1e-09,1e-09,1e-09,1e-09,1e-09,1e-09,1e-09,1e-09,1e-09,1e-09,1e-09,1e-09,1e-09,1e-09,1e-09,1e-09,1e-09,1e-09,1e-09,1e-09,1e-09,1e-09,1e-09
1e-09,1e-09,1e-09,1e-09,1e-09,1e-09,1e-09,1e-09,1e-09,1e-09,1e-09,1e-09,1e-09,1e-09,1e-09,1e-09,1e-09,1e-09,1e-09,1e-09,1e-09,1e-09,1e-09,1e-09,1e-09,1e-09,1e-09,1e-09,1e-09,1e-09,1e-09,1e-09,1e-09,0.044473678,1e-09,0.036506355,1e-09,1e-09,1e-09,1e-09,1e-09,1e-09,1e-09,1e-09,1e-09,1e-09,1e-09,0.0001514256,1e-09,1e-09,1e-09,1e-09,1e-09,1e-09,1e-09,1e-09,1e-09,1e-09,1e-09,1e-09,0.0006838441,1e-09,1e-09,1e-09,1e-09,1e-09,1e-09,1e-09,1e-09,1e-09,1e-09,1e-09,1e-09,0.003308624,1e-09,1e-09,1e-09,1e-09,0.0016486347,1e-09,1e-09,1e-09,1e-09,1e-09,1e-09,1e-09,1e-09,1e-09,1e-09,1e-09,1e-09,1e-09,1e-09,1e-09,0.0020166337,1e-09,1e-09,1e-09,1e-09,1e-09,1e-09,0.03981,1e-09,1e-09,1e-09,1e-09,1e-09,1e-09,1e-09,1e-09,1e-09,1e-09,1e-09,1e-09,1e-09,0.00055885315,1e-09,1e-09,1e-09,1e-09,1e-09,1e-09,1e-09,1e-09,1e-09,0.0064941347,1e-09,1e-09,1e-09,1e-09,1e-09,1e-09,1e-09,1e-09,1e-09,1e-09,1e-09,0.00018852949,1e-09,1e-09,1e-09,1e-09,1e-09,1e-09,1e-09,1e-09,1e-09,1e-09,1e-09,1e-09,1e-09,1e-09,1e-09,1e-09,1e-09,1e-09,1e-09,1e-09,1e-09,1e-09,1e-09,1e-09,1e-09,1e-09,1e-09,1e-09,1e-09,1e-09,1e-09,1e-09,1e-09,1e-09,1e-09,1e-09,1e-09,1e-09,1e-09,1e-09,1e-09,1e-09,1e-09,1e-09,1e-09,1e-09,1e-09,1e-09,1e-09,1e-09,1e-09,1e-09,1e-09,1e-09
1e-09,1e-09,1e-09,1e-09,1e-09,1e-09,1e-09,1e-09,1e-09,1e-09,1e-09,1e-09,1e-09,1e-09,1e-09,1e-09,1e-09,1e-09,1e-09,1e-09,1e-09,1e-09,1e-09,1e-09,1e-09,1e-09,1e-09,1e-09,1e-09,1e-09,1e-09,1e-09,1e-09,0.044473678,1e-09,0.036506355,1e-09,1e-09,1e-09,1e-09,1e-09,1e-09,1e-09,1e-09,1e-09,1e-09,1e-09,0.0001514256,1e-09,1e-09,1e-09,1e-09,1e-09,1e-09,1e-09,1e-09,1e-09,1e-09,1e-09,1e-09,0.0006838441,1e-09,1e-09,1e-09,1e-09,1e-09,1e-09,1e-09,1e-09,1e-09,1e-09,1e-09,1e-09,0.003308624,1e-09,1e-09,1e-09,1e-09,0.0016486347,1e-09,1e-09,1e-09,1e-09,1e-09,1e-09,1e-09,1e-09,1e-09,1e-09,1e-09,1e-09,1e-09,1e-09,1e-09,0.0020166337,1e-09,1e-09,1e-09,1e-09,1e-09,1e-09,0.03981,1e-09,1e-09,1e-09,1e-09,1e-09,1e-09,1e-09,1e-09,1e-09,1e-09,1e-09,1e-09,1e-09,0.00055885315,1e-09,1e-09,1e-09,1e-09,1e-09,1e-09,1e-09,1e-09,1e-09,0.0064941347,1e-09,1e-09,1e-09,1e-09,1e-09,1e-09,1e-09,1e-09,1e-09,1e-09,1e-09,0.00018852949,1e-09,1e-09,1e-09,1e-09,1e-09,1e-09,1e-09,1e-09,1e-09,1e-09,1e-09,1e-09,1e-09,1e-09,1e-09,1e-09,1e-09,1e-09,1e-09,1e-09,1e-09,1e-09,1e-09,1e-09,1e-09,1e-09,1e-09,1e-09,1e-09,1e-09,1e-09,1e-09,1e-09,1e-09,1e-09,1e-09,1e-09,1e-09,1e-09,1e-09,1e-09,1e-09,1e-09,1e-09,1e-09,1e-09,1e-09,1e-09,1e-09,1e-09,1e-09,1e-09,1e-09,1e-09
1e-09,1e-09,1e-09,1e-09,1e-09,1e-09,1e-09,1e-09,1e-09,1e-09,1e-09,1e-09,1e-09,1e-09,1e-09,1e-09,1e-09,1e-09,1e-09,1e-09,1e-09,1e-09,1e-09,1e-09,1e-09,1e-09,1e-09,1e-09,1e-09,1e-09,1e-09,1e-09,1e-09,0.05058232,1e-09,0.036506355,1e-09,1e-09,1e-09,1e-09,1e-09,1e-09,1e-09,1e-09,1e-09,1e-09,1e-09,0.0001514256,1e-09,1e-09,1e-09,1e-09,1e-09,1e-09,1e-09,1e-09,1e-09,1e-09,1e-09,1e-09,0.0034750104,1e-09,1e-09,1e-09,1e-09,1e-09,1e-09,1e-09,1e-09,1e-09,1e-09,1e-09,1e-09,0.011033028,1e-09,1e-09,1e-09,1e-09,0.0016486347,1e-09,1e-09,1e-09,1e-09,1e-09,1e-09,1e-09,1e-09,1e-09,1e-09,1e-09,1e-09,1e-09,1e-09,1e-09,0.0020166337,1e-09,1e-09,1e-09,1e-09,1e-09,1e-09,0.0507555,1e-09,1e-09,1e-09,1e-09,1e-09,1e-09,1e-09,1e-09,1e-09,1e-09,1e-09,1e-09,1e-09,0.0035392046,1e-09,1e-09,1e-09,1e-09,1e-09,1e-09,1e-09,1e-09,1e-09,0.0064941347,1e-09,1e-09,1e-09,1e-09,1e-09,1e-09,1e-09,1e-09,1e-09,1e-09,1e-09,0.0013200343,1e-09,1e-09,1e-09,1e-09,1e-09,1e-09,1e-09,1e-09,1e-09,1e-09,1e-09,1e-09,1e-09,1e-09,1e-09,1e-09,1e-09,1e-09,1e-09,1e-09,1e-09,1e-09,1e-09,1e-09,1e-09,1e-09,1e-09,1e-09,1e-09,1e-09,1e-09,1e-09,1e-09,1e-09,1e-09,1e-09,1e-09,1e-09,1e-09,1e-09,1e-09,1e-09,1e-09,1e-09,1e-09,1e-09,1e-09,1e-09,1e-09,1e-09,1e-09,1e-09,1e-09,1e-09
1e-09,1e-09,1e-09,1e-09,1e-09,1e-09,1e-09,1e-09,1e-09,1e-09,1e-09,1e-09,1e-09,1e-09,1e-09,1e-09,1e-09,1e-09,1e-09,1e-09,1e-09,1e-09,1e-09,1e-09,1e-09,1e-09,1e-09,1e-09,1e-09,1e-09,1e-09,1e-09,1e-09,0.05058232,1e-09,0.036506355,1e-09,1e-09,1e-09,1e-09,1e-09,1e-09,1e-09,1e-09,1e-09,1e-09,1e-09,0.0010240972,1e-09,1e-09,1e-09,1e-09,1e-09,1e-09,1e-09,1e-09,1e-09,1e-09,1e-09,1e-09,0.0034750104,1e-09,1e-09,1e-09,1e-09,1e-09,1e-09,1e-09,1e-09,1e-09,1e-09,1e-09,1e-09,0.011033028,1e-09,1e-09,1e-09,1e-09,0.0073202252,1e-09,1e-09,1e-09,1e-09,1e-09,1e-09,1e-09,1e-09,1e-09,1e-09,1e-09,1e-09,1e-09,1e-09,1e-09,0.009037495,1e-09,1e-09,1e-09,1e-09,1e-09,1e-09,0.0507555,1e-09,1e-09,1e-09,1e-09,1e-09,1e-09,1e-09,1e-09,1e-09,1e-09,1e-09,1e-09,1e-09,0.0035392046,1e-09,1e-09,1e-09,1e-09,1e-09,1e-09,1e-09,1e-09,1e-09,0.017841011,1e-09,1e-09,1e-09,1e-09,1e-09,1e-09,1e-09,1e-09,1e-09,1e-09,1e-09,0.0013200343,1e-09,1e-09,1e-09,1e-09,1e-09,1e-09,1e-09,1e-09,1e-09,1e-09,1e-09,1e-09,1e-09,1e-09,1e-09,1e-09,1e-09,1e-09,1e-09,1e-09,1e-09,1e-09,1e-09,1e-09,1e-09,1e-09,1e-09,1e-09,1e-09,1e-09,1e-09,1e-09,1e-09,1e-09,1e-09,1e-09,1e-09,1e-09,1e-09,1e-09,1e-09,1e-09,1e-09,1e-09,1e-09,1e-09,1e-09,1e-09,1e-09,1e-09,1e-09,1e-09,1e-09,1e-09
1e-09,1e-09,1e-09,1e-09,1e-09,1e-09,1e-09,1e-09,1e-09,1e-09,1e-09,1e-09,1e-09,1e-09,1e-09,1e-09,1e-09,1e-09,1e-09,1e-09,1e-09,1e-09,1e-09,1e-09,1e-09,1e-09,1e-09,1e-09,1e-09,1e-09,1e-09,1e-09,1e-09,0.05058232,1e-09,0.055184245,1e-09,1e-09,1e-09,1e-09,1e-09,1e-09,1e-09,1e-09,1e-09,1e-09,1e-09,0.0010240972,1e-09,1e-09,1e-09,1e-09,1e-09,1e-09,1e-09,1e-09,1e-09,1e-09,1e-09,1e-09,0.0034750104,1e-09,1e-09,1e-09,1e-09,1e-09,1e-09,1e-09,1e-09,1e-09,1e-09,1e-09,1e-09,0.011033028,1e-09,1e-09,1e-09,1e-09,0.0073202252,1e-09,1e-09,1e-09,1e-09,1e-09,1e-09,1e-09,1e-09,1e-09,1e-09,1e-09,1e-09,1e-09,1e-09,1e-09,0.009037495,1e-09,1e-09,1e-09,1e-09,1e-09,1e-09,0.0507555,1e-09,1e-09,1e-09,1e-09,1e-09,1e-09,1e-09,1e-09,1e-09,1e-09,1e-09,1e-09,1e-09,0.0035392046,1e-09,1e-09,1e-09,1e-09,1e-09,1e-09,1e-09,1e-09,1e-09,0.017841011,1e-09,1e-09,1e-09,1e-09,1e-09,1e-09,1e-09,1e-09,1e-09,1e-09,1e-09,0.0013200343,1e-09,1e-09,1e-09,1e-09,1e-09,1e-09,1e-09,1e-09,1e-09,1e-09,1e-09,1e-09,1e-09,1e-09,1e-09,1e-09,1e-09,1e-09,1e-09,1e-09,1e-09,1e-09,1e-09,1e-09,1e-09,1e-09,1e-09,1e-09,1e-09,1e-09,1e-09,1e-09,1e-09,1e-09,1e-09,1e-09,1e-09,1e-09,1e-09,1e-09,1e-09,1e-09,1e-09,1e-09,1e-09,1e-09,1e-09,1e-09,1e-09,1e-09,1e-09,1e-09,1e-09,1e-09
1e-09,1e-09,1e-09,1e-09,1e-09,1e-09,1e-09,1e-09,1e-09,1e-09,1e-09,1e-09,1e-09,1e-09,1e-09,1e-09,1e-09,1e-09,1e-09,1e-09,1e-09,1e-09,1e-09,1e-09,1e-09,1e-09,1e-09,1e-09,1e-09,1e-09,1e-09,1e-09,1e-09,0.05058232,1e-09,0.055184245,1e-09,1e-09,1e-09,1e-09,1e-09,1e-09,1e-09,1e-09,1e-09,1e-09,1e-09,0.0010240972,1e-09,1e-09,1e-09,1e-09,1e-09,1e-09,1e-09,1e-09,1e-09,1e-09,1e-09,1e-09,0.0034750104,1e-09,1e-09,1e-09,1e-09,1e-09,1e-09,1e-09,1e-09,1e-09,1e-09,1e-09,1e-09,0.011033028,1e-09,1e-09,1e-09,1e-09,0.0073202252,1e-09,1e-09,1e-09,1e-09,1e-09,1e-09,1e-09,1e-09,1e-09,1e-09,1e-09,1e-09,1e-09,1e-09,1e-09,0.009037495,1e-09,1e-09,1e-09,1e-09,1e-09,1e-09,0.0507555,1e-09,1e-09,1e-09,1e-09,1e-09,1e-09,1e-09,1e-09,1e-09,1e-09,1e-09,1e-09,1e-09,0.0035392046,1e-09,1e-09,1e-09,1e-09,1e-09,1e-09,1e-09,1e-09,1e-09,0.017841011,1e-09,1e-09,1e-09,1e-09,1e-09,1e-09,1e-09,1e-09,1e-09,1e-09,1e-09,0.0013200343,1e-09,1e-09,1e-09,1e-09,1e-09,1e-09,1e-09,1e-09,1e-09,1e-09,1e-09,1e-09,1e-09,1e-09,1e-09,1e-09,1e-09,1e-09,1e-09,1e-09,1e-09,1e-09,1e-09,1e-09,1e-09,1e-09,1e-09,1e-09,1e-09,1e-09,1e-09,1e-09,1e-09,1e-09,1e-09,1e-09,1e-09,1e-09,1e-09,1e-09,1e-09,1e-09,1e-09,1e-09,1e-09,1e-09,1e-09,1e-09,1e-09,1e-09,1e-09,1e-09,1e-09,1e-09
1e-09,1e-09,1e-09,1e-09,1e-09,1e-09,1e-09,1e-09,1e-09,1e-09,1e-09,1e-09,1e-09,1e-09,1e-09,1e-09,1e-09,1e-09,1e-09,1e-09,1e-09,1e-09,1e-09,1e-09,1e-09,1e-09,1e-09,1e-09,1e-09,1e-09,1e-09,1e-09,1e-09,0.057118714,1e-09,0.055184245,1e-09,1e-09,1e-09,1e-09,1e-09,1e-09,1e-09,1e-09,1e-09,1e-09,1e-09,0.0010240972,1e-09,1e-09,1e-09,1e-09,1e-09,1e-09,1e-09,1e-09,1e-09,1e-09,1e-09,1e-09,0.020466328,1e-09,1e-09,1e-09,1e-09,1e-09,1e-09,1e-09,1e-09,1e-09,1e-09,1e-09,1e-09,0.037878007,1e-09,1e-09,1e-09,1e-09,0.0073202252,1e-09,1e-09,1e-09,1e-09,1e-09,1e-09,1e-09,1e-09,1e-09,1e-09,1e-09,1e-09,1e-09,1e-09,1e-09,0.009037495,1e-09,1e-09,1e-09,1e-09,1e-09,1e-09,0.06885192,1e-09,1e-09,1e-09,1e-09,1e-09,1e-09,1e-09,1e-09,1e-09,1e-09,1e-09,1e-09,1e-09,0.024583936,1e-09,1e-09,1e-09,1e-09,1e-09,1e-09,1e-09,1e-09,1e-09,0.017841011,1e-09,1e-09,1e-09,1e-09,1e-09,1e-09,1e-09,1e-09,1e-09,1e-09,1e-09,0.011889011,1e-09,1e-09,1e-09,1e-09,1e-09,1e-09,1e-09,1e-09,1e-09,1e-09,1e-09,1e-09,1e-09,1e-09,1e-09,1e-09,1e-09,1e-09,1e-09,1e-09,1e-09,1e-09,1e-09,1e-09,1e-09,1e-09,1e-09,1e-09,1e-09,1e-09,1e-09,1e-09,1e-09,1e-09,1e-09,1e-09,1e-09,1e-09,1e-09,1e-09,1e-09,1e-09,1e-09,1e-09,1e-09,1e-09,1e-09,1e-09,1e-09,1e-09,1e-09,1e-09,1e-09,1e-09
1e-09,1e-09,1e-09,1e-09,1e-09,1e-09,1e-09,1e-09,1e-09,1e-09,1e-09,1e-09,1e-09,1e-09,1e-09,1e-09,1e-09,1e-09,1e-09,1e-09,1e-09,1e-09,1e-09,1e-09,1e-09,1e-09,1e-09,1e-09,1e-09,1e-09,1e-09,1e-09,1e-09,0.057118714,1e-09,0.055184245,1e-09,1e-09,1e-09,1e-09,1e-09,1e-09,1e-09,1e-09,1e-09,1e-09,1e-09,0.009437501,1e-09,1e-09,1e-09,1e-09,1e-09,1e-09,1e-09,1e-09,1e-09,1e-09,1e-09,1e-09,0.020466328,1e-09,1e-09,1e-09,1e-09,1e-09,1e-09,1e-09,1e-09,1e-09,1e-09,1e-09,1e-09,0.037878007,1e-09,1e-09,1e-09,1e-09,0.03425917,1e-09,1e-09,1e-09,1e-09,1e-09,1e-09,1e-09,1e-09,1e-09,1e-09,1e-09,1e-09,1e-09,1e-09,1e-09,0.03871098,1e-09,1e-09,1e-09,1e-09,1e-09,1e-09,0.06885192,1e-09,1e-09,1e-09,1e-09,1e-09,1e-09,1e-09,1e-09,1e-09,1e-09,1e-09,1e-09,1e-09,0.024583936,1e-09,1e-09,1e-09,1e-09,1e-09,1e-09,1e-09,1e-09,1e-09,0.0564968,1e-09,1e-09,1e-09,1e-09,1e-09,1e-09,1e-09,1e-09,1e-09,1e-09,1e-09,0.011889011,1e-09,1e-09,1e-09,1e-09,1e-09,1e-09,1e-09,1e-09,1e-09,1e-09,1e-09,1e-09,1e-09,1e-09,1e-09,1e-09,1e-09,1e-09,1e-09,1e-09,1e-09,1e-09,1e-09,1e-09,1e-09,1e-09,1e-09,1e-09,1e-09,1e-09,1e-09,1e-09,1e-09,1e-09,1e-09,1e-09,1e-09,1e-09,1e-09,1e-09,1e-09,1e-09,1e-09,1e-09,1e-09,1e-09,1e-09,1e-09,1e-09,1e-09,1e-09,1e-09,1e-09,1e-09
1e-09,1e-09,1e-09,1e-09,1e-09,1e-09,1e-09,1e-09,1e-09,1e-09,1e-09,1e-09,1e-09,1e-09,1e-09,1e-09,1e-09,1e-09,1e-09,1e-09,1e-09,1e-09,1e-09,1e-09,1e-09,1e-09,1e-09,1e-09,1e-09,1e-09,1e-09,1e-09,1e-09,0.057118714,1e-09,0.091611475,1e-09,1e-09,1e-09,1e-09,1e-09,1e-09,1e-09,1e-09,1e-09,1e-09,1e-09,0.009437501,1e-09,1e-09,1e-09,1e-09,1e-09,1e-09,1e-09,1e-09,1e-09,1e-09,1e-09,1e-09,0.020466328,1e-09,1e-09,1e-09,1e-09,1e-09,1e-09,1e-09,1e-09,1e-09,1e-09,1e-09,1e-09,0.037878007,1e-09,1e-09,1e-09,1e-09,0.03425917,1e-09,1e-09,1e-09,1e-09,1e-09,1e-09,1e-09,1e-09,1e-09,1e-09,1e-09,1e-09,1e-09,1e-09,1e-09,0.03871098,1e-09,1e-09,1e-09,1e-09,1e-09,1e-09,0.06885192,1e-09,1e-09,1e-09,1e-09,1e-09,1e-09,1e-09,1e-09,1e-09,1e-09,1e-09,1e-09,1e-09,0.024583936,1e-09,1e-09,1e-09,1e-09,1e-09,1e-09,1e-09,1e-09,1e-09,0.0564968,1e-09,1e-09,1e-09,1e-09,1e-09,1e-09,1e-09,1e-09,1e-09,1e-09,1e-09,0.011889011,1e-09,1e-09,1e-09,1e-09,1e-09,1e-09,1e-09,1e-09,1e-09,1e-09,1e-09,1e-09,1e-09,1e-09,1e-09,1e-09,1e-09,1e-09,1e-09,1e-09,1e-09,1e-09,1e-09,1e-09,1e-09,1e-09,1e-09,1e-09,1e-09,1e-09,1e-09,1e-09,1e-09,1e-09,1e-09,1e-09,1e-09,1e-09,1e-09,1e-09,1e-09,1e-09,1e-09,1e-09,1e-09,1e-09,1e-09,1e-09,1e-09,1e-09,1e-09,1e-09,1e-09,1e-09
1e-09,1e-09,1e-09,1e-09,1e-09,1e-09,1e-09,1e-09,1e-09,1e-09,1e-09,1e-09,1e-09,1e-09,1e-09,1e-09,1e-09,1e-09,1e-09,1e-09,1e-09,1e-09,1e-09,1e-09,1e-09,1e-09,1e-09,1e-09,1e-09,1e-09,1e-09,1e-09,1e-09,0.057118714,1e-09,0.091611475,1e-09,1e-09,1e-09,1e-09,1e-09,1e-09,1e-09,1e-09,1e-09,1e-09,1e-09,0.009437501,1e-09,1e-09,1e-09,1e-09,1e-09,1e-09,1e-09,1e-09,1e-09,1e-09,1e-09,1e-09,0.020466328,1e-09,1e-09,1e-09,1e-09,1e-09,1e-09,1e-09,1e-09,1e-09,1e-09,1e-09,1e-09,0.037878007,1e-09,1e-09,1e-09,1e-09,0.03425917,1e-09,1e-09,1e-09,1e-09,1e-09,1e-09,1e-09,1e-09,1e-09,1e-09,1e-09,1e-09,1e-09,1e-09,1e-09,0.03871098,1e-09,1e-09,1e-09,1e-09,1e-09,1e-09,0.06885192,1e-09,1e-09,1e-09,1e-09,1e-09,1e-09,1e-09,1e-09,1e-09,1e-09,1e-09,1e-09,1e-09,0.024583936,1e-09,1e-09,1e-09,1e-09,1e-09,1e-09,1e-09,1e-09,1e-09,0.0564968,1e-09,1e-09,1e-09,1e-09,1e-09,1e-09,1e-09,1e-09,1e-09,1e-09,1e-09,0.011889011,1e-09,1e-09,1e-09,1e-09,1e-09,1e-09,1e-09,1e-09,1e-09,1e-09,1e-09,1e-09,1e-09,1e-09,1e-09,1e-09,1e-09,1e-09,1e-09,1e-09,1e-09,1e-09,1e-09,1e-09,1e-09,1e-09,1e-09,1e-09,1e-09,1e-09,1e-09,1e-09,1e-09,1e-09,1e-09,1e-09,1e-09,1e-09,1e-09,1e-09,1e-09,1e-09,1e-09,1e-09,1e-09,1e-09,1e-09,1e-09,1e-09,1e-09,1e-09,1e-09,1e-09,1e-09
1e-09,1e-09,1e-09,1e-09,1e-09,1e-09,1e-09,1e-09,1e-09,1e-09,1e-09,1e-09,1e-09,1e-09,1e-09,1e-09,1e-09,1e-09,1e-09,1e-09,1e-09,1e-09,1e-09,1e-09,1e-09,1e-09,1e-09,1e-09,1e-09,1e-09,1e-09,1e-09,1e-09,0.06386164,1e-09,0.091611475,1e-09,1e-09,1e-09,1e-09,1e-09,1e-09,1e-09,1e-09,1e-09,1e-09,1e-09,0.009437501,1e-09,1e-09,1e-09,1e-09,1e-09,1e-09,1e-09,1e-09,1e-09,1e-09,1e-09,1e-09,0.15842819,1e-09,1e-09,1e-09,1e-09,1e-09,1e-09,1e-09,1e-09,1e-09,1e-09,1e-09,1e-09,0.15212482,1e-09,1e-09,1e-09,1e-09,0.03425917,1e-09,1e-09,1e-09,1e-09,1e-09,1e-09,1e-09,1e-09,1e-09,1e-09,1e-09,1e-09,1e-09,1e-09,1e-09,0.03871098,1e-09,1e-09,1e-09,1e-09,1e-09,1e-09,0.091279656,1e-09,1e-09,1e-09,1e-09,1e-09,1e-09,1e-09,1e-09,1e-09,1e-09,1e-09,1e-09,1e-09,0.1706872,1e-09,1e-09,1e-09,1e-09,1e-09,1e-09,1e-09,1e-09,1e-09,0.0564968,1e-09,1e-09,1e-09,1e-09,1e-09,1e-09,1e-09,1e-09,1e-09,1e-09,1e-09,0.15165189,1e-09,1e-09,1e-09,1e-09,1e-09,1e-09,1e-09,1e-09,1e-09,1e-09,1e-09,1e-09,1e-09,1e-09,1e-09,1e-09,1e-09,1e-09,1e-09,1e-09,1e-09,1e-09,1e-09,1e-09,1e-09,1e-09,1e-09,1e-09,1e-09,1e-09,1e-09,1e-09,1e-09,1e-09,1e-09,1e-09,1e-09,1e-09,1e-09,1e-09,1e-09,1e-09,1e-09,1e-09,1e-09,1e-09,1e-09,1e-09,1e-09,1e-09,1e-09,1e-09,1e-09,1e-09
1e-09,1e-09,1e-09,1e-09,1e-09,1e-09,1e-09,1e-09,1e-09,1e-09,1e-09,1e-09,1e-09,1e-09,1e-09,1e-09,1e-09,1e-09,1e-09,1e-09,1e-09,1e-09,1e-09,1e-09,1e-09,1e-09,1e-09,1e-09,1e-09,1e-09,1e-09,1e-09,1e-09,0.06386164,1e-09,0.091611475,1e-09,1e-09,1e-09,1e-09,1e-09,1e-09,1e-09,1e-09,1e-09,1e-09,1e-09,0.14062297,1e-09,1e-09,1e-09,1e-09,1e-09,1e-09,1e-09,1e-09,1e-09,1e-09,1e-09,1e-09,0.15842819,1e-09,1e-09,1e-09,1e-09,1e-09,1e-09,1e-09,1e-09,1e-09,1e-09,1e-09,1e-09,0.15212482,1e-09,1e-09,1e-09,1e-09,0.17965114,1e-09,1e-09,1e-09,1e-09,1e-09,1e-09,1e-09,1e-09,1e-09,1e-09,1e-09,1e-09,1e-09,1e-09,1e-09,0.16086471,1e-09,1e-09,1e-09,1e-09,1e-09,1e-09,0.091279656,1e-09,1e-09,1e-09,1e-09,1e-09,1e-09,1e-09,1e-09,1e-09,1e-09,1e-09,1e-09,1e-09,0.1706872,1e-09,1e-09,1e-09,1e-09,1e-09,1e-09,1e-09,1e-09,1e-09,0.21294844,1e-09,1e-09,1e-09,1e-09,1e-09,1e-09,1e-09,1e-09,1e-09,1e-09,1e-09,0.15165189,1e-09,1e-09,1e-09,1e-09,1e-09,1e-09,1e-09,1e-09,1e-09,1e-09,1e-09,1e-09,1e-09,1e-09,1e-09,1e-09,1e-09,1e-09,1e-09,1e-09,1e-09,1e-09,1e-09,1e-09,1e-09,1e-09,1e-09,1e-09,1e-09,1e-09,1e-09,1e-09,1e-09,1e-09,1e-09,1e-09,1e-09,1e-09,1e-09,1e-09,1e-09,1e-09,1e-09,1e-09,1e-09,1e-09,1e-09,1e-09,1e-09,1e-09,1e-09,1e-09,1e-09,1e-09
1e-09,1e-09,1e-09,1e-09,1e-09,1e-09,1e-09,1e-09,1e-09,1e-09,1e-09,1e-09,1e-09,1e-09,1e-09,1e-09,1e-09,1e-09,1e-09,1e-09,1e-09,1e-09,1e-09,1e-09,1e-09,1e-09,1e-09,1e-09,1e-09,1e-09,1e-09,1e-09,1e-09,0.06386164,1e-09,0.1540331,1e-09,1e-09,1e-09,1e-09,1e-09,1e-09,1e-09,1e-09,1e-09,1e-09,1e-09,0.14062297,1e-09,1e-09,1e-09,1e-09,1e-09,1e-09,1e-09,1e-09,1e-09,1e-09,1e-09,1e-09,0.15842819,1e-09,1e-09,1e-09,1e-09,1e-09,1e-09,1e-09,1e-09,1e-09,1e-09,1e-09,1e-09,0.15212482,1e-09,1e-09,1e-09,1e-09,0.17965114,1e-09,1e-09,1e-09,1e-09,1e-09,1e-09,1e-09,1e-09,1e-09,1e-09,1e-09,1e-09,1e-09,1e-09,1e-09,0.16086471,1e-09,1e-09,1e-09,1e-09,1e-09,1e-09,0.091279656,1e-09,1e-09,1e-09,1e-09,1e-09,1e-09,1e-09,1e-09,1e-09,1e-09,1e-09,1e-09,1e-09,0.1706872,1e-09,1e-09,1e-09,1e-09,1e-09,1e-09,1e-09,1e-09,1e-09,0.21294844,1e-09,1e-09,1e-09,1e-09,1e-09,1e-09,1e-09,1e-09,1e-09,1e-09,1e-09,0.15165189,1e-09,1e-09,1e-09,1e-09,1e-09,1e-09,1e-09,1e-09,1e-09,1e-09,1e-09,1e-09,1e-09,1e-09,1e-09,1e-09,1e-09,1e-09,1e-09,1e-09,1e-09,1e-09,1e-09,1e-09,1e-09,1e-09,1e-09,1e-09,1e-09,1e-09,1e-09,1e-09,1e-09,1e-09,1e-09,1e-09,1e-09,1e-09,1e-09,1e-09,1e-09,1e-09,1e-09,1e-09,1e-09,1e-09,1e-09,1e-09,1e-09,1e-09,1e-09,1e-09,1e-09,1e-09
1e-09,1e-09,1e-09,1e-09,1e-09,1e-09,1e-09,1e-09,1e-09,1e-09,1e-09,1e-09,1e-09,1e-09,1e-09,1e-09,1e-09,1e-09,1e-09,1e-09,1e-09,1e-09,1e-09,1e-09,1e-09,1e-09,1e-09,1e-09,1e-09,1e-09,1e-09,1e-09,1e-09,0.06386164,1e-09,0.1540331,1e-09,1e-09,1e-09,1e-09,1e-09,1e-09,1e-09,1e-09,1e-09,1e-09,1e-09,0.14062297,1e-09,1e-09,1e-09,1e-09,1e-09,1e-09,1e-09,1e-09,1e-09,1e-09,1e-09,1e-09,0.15842819,1e-09,1e-09,1e-09,1e-09,1e-09,1e-09,1e-09,1e-09,1e-09,1e-09,1e-09,1e-09,0.15212482,1e-09,1e-09,1e-09,1e-09,0.17965114,1e-09,1e-09,1e-09,1e-09,1e-09,1e-09,1e-09,1e-09,1e-09,1e-09,1e-09,1e-09,1e-09,1e-09,1e-09,0.16086471,1e-09,1e-09,1e-09,1e-09,1e-09,1e-09,0.091279656,1e-09,1e-09,1e-09,1e-09,1e-09,1e-09,1e-09,1e-09,1e-09,1e-09,1e-09,1e-09,1e-09,0.1706872,1e-09,1e-09,1e-09,1e-09,1e-09,1e-09,1e-09,1e-09,1e-09,0.21294844,1e-09,1e-09,1e-09,1e-09,1e-09,1e-09,1e-09,1e-09,1e-09,1e-09,1e-09,0.15165189,1e-09,1e-09,1e-09,1e-09,1e-09,1e-09,1e-09,1e-09,1e-09,1e-09,1e-09,1e-09,1e-09,1e-09,1e-09,1e-09,1e-09,1e-09,1e-09,1e-09,1e-09,1e-09,1e-09,1e-09,1e-09,1e-09,1e-09,1e-09,1e-09,1e-09,1e-09,1e-09,1e-09,1e-09,1e-09,1e-09,1e-09,1e-09,1e-09,1e-09,1e-09,1e-09,1e-09,1e-09,1e-09,1e-09,1e-09,1e-09,1e-09,1e-09,1e-09,1e-09,1e-09,1e-09
1e-09,1.0,1e-09,1e-09,1e-09,1e-09,1.0,1e-09,1e-09,1.0,1.0,1e-09,1.0,1e-09,1e-09,1.0,1.0,1e-09,1.0,1e-09,1.0,1e-09,1.0,1e-09,1e-09,1.0,1.0,1.0,1.0,1e-09,1.0,1e-09,1.0,0.070266664,1.0,0.1540331,1e-09,1.0,1e-09,1.0,1e-09,1.0,1.0,1.0,1.0,1.0,1.0,0.14062297,1.0,1.0,1e-09,1e-09,1.0,1.0,1.0,1e-09,1.0,1.0,1e-09,1.0,0.6041335,1.0,1e-09,1.0,1e-09,1.0,1e-09,1e-09,1e-09,1e-09,1e-09,1.0,1e-09,0.6062051,1.0,1.0,1e-09,1e-09,0.17965114,1.0,1e-09,1e-09,1e-09,1.0,1e-09,1.0,1.0,1e-09,1.0,1.0,1.0,1.0,1.0,1.0,0.16086471,1e-09,1.0,1e-09,1e-09,1.0,1e-09,0.102795154,1e-09,1.0,1.0,1.0,1e-09,1.0,1e-09,1e-09,1e-09,1.0,1.0,1.0,1e-09,0.6278775,1.0,1.0,1e-09,1.0,1e-09,1e-09,1.0,1e-09,1e-09,0.21294844,1e-09,1e-09,1.0,1e-09,1e-09,1e-09,1e-09,1e-09,1.0,1.0,1e-09,0.6810503,1e-09,1e-09,1.0,1.0,1e-09,1.0,1e-09,1.0,1e-09,1e-09,1.0,1.0,1.0,1e-09,1e-09,1.0,1e-09,1e-09,1e-09,1.0,1.0,1e-09,1.0,1e-09,1e-09,1e-09,1e-09,1.0,1.0,1e-09,1e-09,1e-09,1e-09,1e-09,1.0,1.0,1e-09,1e-09,1e-09,1.0,1.0,1.0,1e-09,1e-09,1.0,1e-09,1.0,1e-09,1e-09,1e-09,1e-09,1.0,1e-09,1.0
1.0,1.0,1.0,1.0,1.0,1.0,1.0,1.0,1.0,1.0,1.0,1.0,1.0,1.0,1.0,1.0,1.0,1.0,1.0,1.0,1.0,1.0,1.0,1.0,1.0,1.0,1.0,1.0,1.0,1.0,1.0,1.0,1.0,0.070266664,1.0,0.1540331,1.0,1.0,1.0,1.0,1.0,1.0,1.0,1.0,1.0,1.0,1.0,0.70230424,1.0,1.0,1.0,1.0,1.0,1.0,1.0,1.0,1.0,1.0,1.0,1.0,0.6041335,1.0,1.0,1.0,1.0,1.0,1.0,1.0,1.0,1.0,1.0,1.0,1.0,0.6062051,1.0,1.0,1.0,1.0,0.5775459,1.0,1.0,1.0,1.0,1.0,1.0,1.0,1.0,1.0,1.0,1.0,1.0,1.0,1.0,1.0,0.5829032,1.0,1.0,1.0,1.0,1.0,1.0,0.102795154,1.0,1.0,1.0,1.0,1.0,1.0,1.0,1.0,1.0,1.0,1.0,1.0,1.0,0.6278775,1.0,1.0,1.0,1.0,1.0,1.0,1.0,1.0,1.0,0.38605207,1.0,1.0,1.0,1.0,1.0,1.0,1.0,1.0,1.0,1.0,1.0,0.6810503,1.0,1.0,1.0,1.0,1.0,1.0,1e-09,1.0,1.0,1.0,1.0,1.0,1.0,1.0,1.0,1.0,1.0,1.0,1.0,1.0,1.0,1.0,1.0,1.0,1.0,1.0,1.0,1.0,1.0,1.0,1.0,1.0,1.0,1.0,1.0,1.0,1.0,1.0,1.0,1.0,1.0,1.0,1.0,1.0,1.0,1.0,1.0,1.0,1.0,1.0,1.0,1.0,1.0,1.0
1.0,1.0,1.0,1.0,1.0,1.0,1.0,1.0,1.0,1.0,1.0,1.0,1.0,1.0,1.0,1.0,1.0,1.0,1.0,1.0,1.0,1.0,1.0,1.0,1.0,1.0,1.0,1.0,1.0,1.0,1.0,1.0,1.0,0.070266664,1.0,0.18560463,1.0,1.0,1.0,1.0,1.0,1.0,1.0,1.0,1.0,1.0,1.0,0.70230424,1.0,1.0,1.0,1.0,1.0,1.0,1.0,1.0,1.0,1.0,1.0,1.0,0.6041335,1.0,1.0,1.0,1.0,1.0,1.0,1.0,1.0,1.0,1.0,1.0,1.0,0.6062051,1.0,1.0,1.0,1.0,0.5775459,1.0,1.0,1.0,1.0,1.0,1.0,1.0,1.0,1.0,1.0,1.0,1.0,1.0,1.0,1.0,0.5829032,1.0,1.0,1.0,1.0,1.0,1.0,0.102795154,1.0,1.0,1.0,1.0,1.0,1.0,1.0,1.0,1.0,1.0,1.0,1.0,1.0,0.6278775,1.0,1.0,1.0,1.0,1.0,1.0,1.0,1.0,1.0,0.38605207,1.0,1.0,1.0,1.0,1.0,1.0,1.0,1.0,1.0,1.0,1.0,0.6810503,1.0,1.0,1.0,1.0,1.0,1.0,1e-09,1.0,1.0,1.0,1.0,1.0,1.0,1.0,1.0,1.0,1.0,1.0,1.0,1.0,1.0,1.0,1.0,1.0,1.0,1.0,1.0,1.0,1.0,1.0,1.0,1.0,1.0,1.0,1.0,1.0,1.0,1.0,1.0,1.0,1.0,1.0,1.0,1.0,1.0,1.0,1.0,1.0,1.0,1.0,1.0,1.0,1.0,1.0
1.0,1.0,1.0,1.0,1.0,1.0,1.0,1.0,1.0,1.0,1.0,1.0,1.0,1.0,1.0,1.0,1.0,1.0,1.0,1.0,1.0,1.0,1.0,1.0,1.0,1.0,1.0,1.0,1.0,1.0,1.0,1.0,1.0,0.070266664,1.0,0.18560463,1.0,1.0,1.0,1.0,1.0,1.0,1.0,1.0,1.0,1.0,1.0,0.70230424,1.0,1.0,1.0,1.0,1.0,1.0,1.0,1.0,1.0,1.0,1.0,1.0,0.6041335,1.0,1.0,1.0,1.0,1.0,1.0,1.0,1.0,1.0,1.0,1.0,1.0,0.6062051,1.0,1.0,1.0,1.0,0.5775459,1.0,1.0,1.0,1.0,1.0,1.0,1.0,1.0,1.0,1.0,1.0,1.0,1.0,1.0,1.0,0.5829032,1.0,1.0,1.0,1.0,1.0,1.0,0.102795154,1.0,1.0,1.0,1.0,1.0,1.0,1.0,1.0,1.0,1.0,1.0,1.0,1.0,0.6278775,1.0,1.0,1.0,1.0,1.0,1.0,1.0,1.0,1.0,0.38605207,1.0,1.0,1.0,1.0,1.0,1.0,1.0,1.0,1.0,1.0,1.0,0.6810503,1.0,1.0,1.0,1.0,1.0,1.0,1e-09,1.0,1.0,1.0,1.0,1.0,1.0,1.0,1.0,1.0,1.0,1.0,1.0,1.0,1.0,1.0,1.0,1.0,1.0,1.0,1.0,1.0,1.0,1.0,1.0,1.0,1.0,1.0,1.0,1.0,1.0,1.0,1.0,1.0,1.0,1.0,1.0,1.0,1.0,1.0,1.0,1.0,1.0,1.0,1.0,1.0,1.0,1.0
1.0,1e-09,1.0,1.0,1.0,1.0,1e-09,1.0,1.0,1e-09,1e-09,1.0,1e-09,1.0,1.0,1e-09,1e-09,1.0,1e-09,1.0,1e-09,1.0,1e-09,1.0,1.0,1e-09,1e-09,1e-09,1e-09,1.0,1e-09,1.0,1e-09,0.07545969,1e-09,0.18560463,1.0,1e-09,1.0,1e-09,1.0,1e-09,1e-09,1e-09,1e-09,1e-09,1e-09,0.70230424,1e-09,1e-09,1.0,1.0,1e-09,1e-09,1e-09,1.0,1e-09,1e-09,1.0,1e-09,0.1744855,1e-09,1.0,1e-09,1.0,1e-09,1.0,1.0,1.0,1.0,1.0,1e-09,1.0,0.14238611,1e-09,1e-09,1.0,1.0,0.5775459,1e-09,1.0,1.0,1.0,1e-09,1.0,1e-09,1e-09,1.0,1e-09,1e-09,1e-09,1e-09,1e-09,1e-09,0.5829032,1.0,1e-09,1.0,1.0,1e-09,1.0,0.12340611,1.0,1e-09,1e-09,1e-09,1.0,1e-09,1.0,1.0,1.0,1e-09,1e-09,1e-09,1.0,0.1536609,1e-09,1e-09,1.0,1e-09,1.0,1.0,1e-09,1.0,1.0,0.38605207,1.0,1.0,1e-09,1.0,1.0,1.0,1.0,1.0,1e-09,1e-09,1.0,0.14498004,1.0,1.0,1e-09,1e-09,1.0,1e-09,1.0,1e-09,1.0,1.0,1e-09,1e-09,1e-09,1.0,1.0,1e-09,1.0,1.0,1.0,1e-09,1e-09,1.0,1e-09,1.0,1.0,1.0,1.0,1e-09,1e-09,1.0,1.0,1.0,1.0,1.0,1e-09,1e-09,1.0,1.0,1.0,1e-09,1e-09,1e-09,1.0,1.0,1e-09,1.0,1e-09,1.0,1.0,1.0,1.0,1e-09,1.0,1e-09
1e-09,1e-09,1e-09,1e-09,1e-09,1e-09,1e-09,1e-09,1e-09,1e-09,1e-09,1e-09,1e-09,1e-09,1e-09,1e-09,1e-09,1e-09,1e-09,1e-09,1e-09,1e-09,1e-09,1e-09,1e-09,1e-09,1e-09,1e-09,1e-09,1e-09,1e-09,1e-09,1e-09,0.07545969,1e-09,0.18560463,1e-09,1e-09,1e-09,1e-09,1e-09,1e-09,1e-09,1e-09,1e-09,1e-09,1e-09,0.13755068,1e-09,1e-09,1e-09,1e-09,1e-09,1e-09,1e-09,1e-09,1e-09,1e-09,1e-09,1e-09,0.1744855,1e-09,1e-09,1e-09,1e-09,1e-09,1e-09,1e-09,1e-09,1e-09,1e-09,1e-09,1e-09,0.14238611,1e-09,1e-09,1e-09,1e-09,0.16907716,1e-09,1e-09,1e-09,1e-09,1e-09,1e-09,1e-09,1e-09,1e-09,1e-09,1e-09,1e-09,1e-09,1e-09,1e-09,0.15879366,1e-09,1e-09,1e-09,1e-09,1e-09,1e-09,0.12340611,1e-09,1e-09,1e-09,1e-09,1e-09,1e-09,1e-09,1e-09,1e-09,1e-09,1e-09,1e-09,1e-09,0.1536609,1e-09,1e-09,1e-09,1e-09,1e-09,1e-09,1e-09,1e-09,1e-09,0.19708213,1e-09,1e-09,1e-09,1e-09,1e-09,1e-09,1e-09,1e-09,1e-09,1e-09,1e-09,0.14498004,1e-09,1e-09,1e-09,1e-09,1e-09,1e-09,1.0,1e-09,1e-09,1e-09,1e-09,1e-09,1e-09,1e-09,1e-09,1e-09,1e-09,1e-09,1e-09,1e-09,1e-09,1e-09,1e-09,1e-09,1e-09,1e-09,1e-09,1e-09,1e-09,1e-09,1e-09,1e-09,1e-09,1e-09,1e-09,1e-09,1e-09,1e-09,1e-09,1e-09,1e-09,1e-09,1e-09,1e-09,1e-09,1e-09,1e-09,1e-09,1e-09,1e-09,1e-09,1e-09,1e-09,1e-09
1e-09,1e-09,1e-09,1e-09,1e-09,1e-09,1e-09,1e-09,1e-09,1e-09,1e-09,1e-09,1e-09,1e-09,1e-09,1e-09,1e-09,1e-09,1e-09,1e-09,1e-09,1e-09,1e-09,1e-09,1e-09,1e-09,1e-09,1e-09,1e-09,1e-09,1e-09,1e-09,1e-09,0.07545969,1e-09,0.14558464,1e-09,1e-09,1e-09,1e-09,1e-09,1e-09,1e-09,1e-09,1e-09,1e-09,1e-09,0.13755068,1e-09,1e-09,1e-09,1e-09,1e-09,1e-09,1e-09,1e-09,1e-09,1e-09,1e-09,1e-09,0.1744855,1e-09,1e-09,1e-09,1e-09,1e-09,1e-09,1e-09,1e-09,1e-09,1e-09,1e-09,1e-09,0.14238611,1e-09,1e-09,1e-09,1e-09,0.16907716,1e-09,1e-09,1e-09,1e-09,1e-09,1e-09,1e-09,1e-09,1e-09,1e-09,1e-09,1e-09,1e-09,1e-09,1e-09,0.15879366,1e-09,1e-09,1e-09,1e-09,1e-09,1e-09,0.12340611,1e-09,1e-09,1e-09,1e-09,1e-09,1e-09,1e-09,1e-09,1e-09,1e-09,1e-09,1e-09,1e-09,0.1536609,1e-09,1e-09,1e-09,1e-09,1e-09,1e-09,1e-09,1e-09,1e-09,0.19708213,1e-09,1e-09,1e-09,1e-09,1e-09,1e-09,1e-09,1e-09,1e-09,1e-09,1e-09,0.14498004,1e-09,1e-09,1e-09,1e-09,1e-09,1e-09,1.0,1e-09,1e-09,1e-09,1e-09,1e-09,1e-09,1e-09,1e-09,1e-09,1e-09,1e-09,1e-09,1e-09,1e-09,1e-09,1e-09,1e-09,1e-09,1e-09,1e-09,1e-09,1e-09,1e-09,1e-09,1e-09,1e-09,1e-09,1e-09,1e-09,1e-09,1e-09,1e-09,1e-09,1e-09,1e-09,1e-09,1e-09,1e-09,1e-09,1e-09,1e-09,1e-09,1e-09,1e-09,1e-09,1e-09,1e-09
1e-09,1e-09,1e-09,1e-09,1e-09,1e-09,1e-09,1e-09,1e-09,1e-09,1e-09,1e-09,1e-09,1e-09,1e-09,1e-09,1e-09,1e-09,1e-09,1e-09,1e-09,1e-09,1e-09,1e-09,1e-09,1e-09,1e-09,1e-09,1e-09,1e-09,1e-09,1e-09,1e-09,0.07545969,1e-09,0.14558464,1e-09,1e-09,1e-09,1e-09,1e-09,1e-09,1e-09,1e-09,1e-09,1e-09,1e-09,0.13755068,1e-09,1e-09,1e-09,1e-09,1e-09,1e-09,1e-09,1e-09,1e-09,1e-09,1e-09,1e-09,0.1744855,1e-09,1e-09,1e-09,1e-09,1e-09,1e-09,1e-09,1e-09,1e-09,1e-09,1e-09,1e-09,0.14238611,1e-09,1e-09,1e-09,1e-09,0.16907716,1e-09,1e-09,1e-09,1e-09,1e-09,1e-09,1e-09,1e-09,1e-09,1e-09,1e-09,1e-09,1e-09,1e-09,1e-09,0.15879366,1e-09,1e-09,1e-09,1e-09,1e-09,1e-09,0.12340611,1e-09,1e-09,1e-09,1e-09,1e-09,1e-09,1e-09,1e-09,1e-09,1e-09,1e-09,1e-09,1e-09,0.1536609,1e-09,1e-09,1e-09,1e-09,1e-09,1e-09,1e-09,1e-09,1e-09,0.19708213,1e-09,1e-09,1e-09,1e-09,1e-09,1e-09,1e-09,1e-09,1e-09,1e-09,1e-09,0.14498004,1e-09,1e-09,1e-09,1e-09,1e-09,1e-09,1.0,1e-09,1e-09,1e-09,1e-09,1e-09,1e-09,1e-09,1e-09,1e-09,1e-09,1e-09,1e-09,1e-09,1e-09,1e-09,1e-09,1e-09,1e-09,1e-09,1e-09,1e-09,1e-09,1e-09,1e-09,1e-09,1e-09,1e-09,1e-09,1e-09,1e-09,1e-09,1e-09,1e-09,1e-09,1e-09,1e-09,1e-09,1e-09,1e-09,1e-09,1e-09,1e-09,1e-09,1e-09,1e-09,1e-09,1e-09
1e-09,1e-09,1e-09,1e-09,1e-09,1e-09,1e-09,1e-09,1e-09,1e-09,1e-09,1e-09,1e-09,1e-09,1e-09,1e-09,1e-09,1e-09,1e-09,1e-09,1e-09,1e-09,1e-09,1e-09,1e-09,1e-09,1e-09,1e-09,1e-09,1e-09,1e-09,1e-09,1e-09,0.07833424,1e-09,0.14558464,1e-09,1e-09,1e-09,1e-09,1e-09,1e-09,1e-09,1e-09,1e-09,1e-09,1e-09,0.13755068,1e-09,1e-09,1e-09,1e-09,1e-09,1e-09,1e-09,1e-09,1e-09,1e-09,1e-09,1e-09,0.030644804,1e-09,1e-09,1e-09,1e-09,1e-09,1e-09,1e-09,1e-09,1e-09,1e-09,1e-09,1e-09,0.032452106,1e-09,1e-09,1e-09,1e-09,0.16907716,1e-09,1e-09,1e-09,1e-09,1e-09,1e-09,1e-09,1e-09,1e-09,1e-09,1e-09,1e-09,1e-09,1e-09,1e-09,0.15879366,1e-09,1e-09,1e-09,1e-09,1e-09,1e-09,0.18132389,1e-09,1e-09,1e-09,1e-09,1e-09,1e-09,1e-09,1e-09,1e-09,1e-09,1e-09,1e-09,1e-09,0.016493708,1e-09,1e-09,1e-09,1e-09,1e-09,1e-09,1e-09,1e-09,1e-09,0.19708213,1e-09,1e-09,1e-09,1e-09,1e-09,1e-09,1e-09,1e-09,1e-09,1e-09,1e-09,0.008054227,1e-09,1e-09,1e-09,1e-09,1e-09,1e-09,1e-09,1e-09,1e-09,1e-09,1e-09,1e-09,1e-09,1e-09,1e-09,1e-09,1e-09,1e-09,1e-09,1e-09,1e-09,1e-09,1e-09,1e-09,1e-09,1e-09,1e-09,1e-09,1e-09,1e-09,1e-09,1e-09,1e-09,1e-09,1e-09,1e-09,1e-09,1e-09,1e-09,1e-09,1e-09,1e-09,1e-09,1e-09,1e-09,1e-09,1e-09,1e-09,1e-09,1e-09,1e-09,1e-09,1e-09,1e-09
1e-09,1e-09,1e-09,1e-09,1e-09,1e-09,1e-09,1e-09,1e-09,1e-09,1e-09,1e-09,1e-09,1e-09,1e-09,1e-09,1e-09,1e-09,1e-09,1e-09,1e-09,1e-09,1e-09,1e-09,1e-09,1e-09,1e-09,1e-09,1e-09,1e-09,1e-09,1e-09,1e-09,0.07833424,1e-09,0.14558464,1e-09,1e-09,1e-09,1e-09,1e-09,1e-09,1e-09,1e-09,1e-09,1e-09,1e-09,0.007956803,1e-09,1e-09,1e-09,1e-09,1e-09,1e-09,1e-09,1e-09,1e-09,1e-09,1e-09,1e-09,0.030644804,1e-09,1e-09,1e-09,1e-09,1e-09,1e-09,1e-09,1e-09,1e-09,1e-09,1e-09,1e-09,0.032452106,1e-09,1e-09,1e-09,1e-09,0.024040788,1e-09,1e-09,1e-09,1e-09,1e-09,1e-09,1e-09,1e-09,1e-09,1e-09,1e-09,1e-09,1e-09,1e-09,1e-09,0.03651482,1e-09,1e-09,1e-09,1e-09,1e-09,1e-09,0.18132389,1e-09,1e-09,1e-09,1e-09,1e-09,1e-09,1e-09,1e-09,1e-09,1e-09,1e-09,1e-09,1e-09,0.016493708,1e-09,1e-09,1e-09,1e-09,1e-09,1e-09,1e-09,1e-09,1e-09,0.07297337,1e-09,1e-09,1e-09,1e-09,1e-09,1e-09,1e-09,1e-09,1e-09,1e-09,1e-09,0.008054227,1e-09,1e-09,1e-09,1e-09,1e-09,1e-09,1e-09,1e-09,1e-09,1e-09,1e-09,1e-09,1e-09,1e-09,1e-09,1e-09,1e-09,1e-09,1e-09,1e-09,1e-09,1e-09,1e-09,1e-09,1e-09,1e-09,1e-09,1e-09,1e-09,1e-09,1e-09,1e-09,1e-09,1e-09,1e-09,1e-09,1e-09,1e-09,1e-09,1e-09,1e-09,1e-09,1e-09,1e-09,1e-09,1e-09,1e-09,1e-09,1e-09,1e-09,1e-09,1e-09,1e-09,1e-09
1e-09,1e-09,1e-09,1e-09,1e-09,1e-09,1e-09,1e-09,1e-09,1e-09,1e-09,1e-09,1e-09,1e-09,1e-09,1e-09,1e-09,1e-09,1e-09,1e-09,1e-09,1e-09,1e-09,1e-09,1e-09,1e-09,1e-09,1e-09,1e-09,1e-09,1e-09,1e-09,1e-09,0.07833424,1e-09,0.097994745,1e-09,1e-09,1e-09,1e-09,1e-09,1e-09,1e-09,1e-09,1e-09,1e-09,1e-09,0.007956803,1e-09,1e-09,1e-09,1e-09,1e-09,1e-09,1e-09,1e-09,1e-09,1e-09,1e-09,1e-09,0.030644804,1e-09,1e-09,1e-09,1e-09,1e-09,1e-09,1e-09,1e-09,1e-09,1e-09,1e-09,1e-09,0.032452106,1e-09,1e-09,1e-09,1e-09,0.024040788,1e-09,1e-09,1e-09,1e-09,1e-09,1e-09,1e-09,1e-09,1e-09,1e-09,1e-09,1e-09,1e-09,1e-09,1e-09,0.03651482,1e-09,1e-09,1e-09,1e-09,1e-09,1e-09,0.18132389,1e-09,1e-09,1e-09,1e-09,1e-09,1e-09,1e-09,1e-09,1e-09,1e-09,1e-09,1e-09,1e-09,0.016493708,1e-09,1e-09,1e-09,1e-09,1e-09,1e-09,1e-09,1e-09,1e-09,0.07297337,1e-09,1e-09,1e-09,1e-09,1e-09,1e-09,1e-09,1e-09,1e-09,1e-09,1e-09,0.008054227,1e-09,1e-09,1e-09,1e-09,1e-09,1e-09,1e-09,1e-09,1e-09,1e-09,1e-09,1e-09,1e-09,1e-09,1e-09,1e-09,1e-09,1e-09,1e-09,1e-09,1e-09,1e-09,1e-09,1e-09,1e-09,1e-09,1e-09,1e-09,1e-09,1e-09,1e-09,1e-09,1e-09,1e-09,1e-09,1e-09,1e-09,1e-09,1e-09,1e-09,1e-09,1e-09,1e-09,1e-09,1e-09,1e-09,1e-09,1e-09,1e-09,1e-09,1e-09,1e-09,1e-09,1e-09
1e-09,1e-09,1e-09,1e-09,1e-09,1e-09,1e-09,1e-09,1e-09,1e-09,1e-09,1e-09,1e-09,1e-09,1e-09,1e-09,1e-09,1e-09,1e-09,1e-09,1e-09,1e-09,1e-09,1e-09,1e-09,1e-09,1e-09,1e-09,1e-09,1e-09,1e-09,1e-09,1e-09,0.07833424,1e-09,0.097994745,1e-09,1e-09,1e-09,1e-09,1e-09,1e-09,1e-09,1e-09,1e-09,1e-09,1e-09,0.007956803,1e-09,1e-09,1e-09,1e-09,1e-09,1e-09,1e-09,1e-09,1e-09,1e-09,1e-09,1e-09,0.030644804,1e-09,1e-09,1e-09,1e-09,1e-09,1e-09,1e-09,1e-09,1e-09,1e-09,1e-09,1e-09,0.032452106,1e-09,1e-09,1e-09,1e-09,0.024040788,1e-09,1e-09,1e-09,1e-09,1e-09,1e-09,1e-09,1e-09,1e-09,1e-09,1e-09,1e-09,1e-09,1e-09,1e-09,0.03651482,1e-09,1e-09,1e-09,1e-09,1e-09,1e-09,0.18132389,1e-09,1e-09,1e-09,1e-09,1e-09,1e-09,1e-09,1e-09,1e-09,1e-09,1e-09,1e-09,1e-09,0.016493708,1e-09,1e-09,1e-09,1e-09,1e-09,1e-09,1e-09,1e-09,1e-09,0.07297337,1e-09,1e-09,1e-09,1e-09,1e-09,1e-09,1e-09,1e-09,1e-09,1e-09,1e-09,0.008054227,1e-09,1e-09,1e-09,1e-09,1e-09,1e-09,1e-09,1e-09,1e-09,1e-09,1e-09,1e-09,1e-09,1e-09,1e-09,1e-09,1e-09,1e-09,1e-09,1e-09,1e-09,1e-09,1e-09,1e-09,1e-09,1e-09,1e-09,1e-09,1e-09,1e-09,1e-09,1e-09,1e-09,1e-09,1e-09,1e-09,1e-09,1e-09,1e-09,1e-09,1e-09,1e-09,1e-09,1e-09,1e-09,1e-09,1e-09,1e-09,1e-09,1e-09,1e-09,1e-09,1e-09,1e-09
1e-09,1e-09,1e-09,1e-09,1e-09,1e-09,1e-09,1e-09,1e-09,1e-09,1e-09,1e-09,1e-09,1e-09,1e-09,1e-09,1e-09,1e-09,1e-09,1e-09,1e-09,1e-09,1e-09,1e-09,1e-09,1e-09,1e-09,1e-09,1e-09,1e-09,1e-09,1e-09,1e-09,0.077798605,1e-09,0.097994745,1e-09,1e-09,1e-09,1e-09,1e-09,1e-09,1e-09,1e-09,1e-09,1e-09,1e-09,0.007956803,1e-09,1e-09,1e-09,1e-09,1e-09,1e-09,1e-09,1e-09,1e-09,1e-09,1e-09,1e-09,0.005904317,1e-09,1e-09,1e-09,1e-09,1e-09,1e-09,1e-09,1e-09,1e-09,1e-09,1e-09,1e-09,0.009247273,1e-09,1e-09,1e-09,1e-09,0.024040788,1e-09,1e-09,1e-09,1e-09,1e-09,1e-09,1e-09,1e-09,1e-09,1e-09,1e-09,1e-09,1e-09,1e-09,1e-09,0.03651482,1e-09,1e-09,1e-09,1e-09,1e-09,1e-09,0.17517895,1e-09,1e-09,1e-09,1e-09,1e-09,1e-09,1e-09,1e-09,1e-09,1e-09,1e-09,1e-09,1e-09,0.0021039546,1e-09,1e-09,1e-09,1e-09,1e-09,1e-09,1e-09,1e-09,1e-09,0.07297337,1e-09,1e-09,1e-09,1e-09,1e-09,1e-09,1e-09,1e-09,1e-09,1e-09,1e-09,0.00071924925,1e-09,1e-09,1e-09,1e-09,1e-09,1e-09,1e-09,1e-09,1e-09,1e-09,1e-09,1e-09,1e-09,1e-09,1e-09,1e-09,1e-09,1e-09,1e-09,1e-09,1e-09,1e-09,1e-09,1e-09,1e-09,1e-09,1e-09,1e-09,1e-09,1e-09,1e-09,1e-09,1e-09,1e-09,1e-09,1e-09,1e-09,1e-09,1e-09,1e-09,1e-09,1e-09,1e-09,1e-09,1e-09,1e-09,1e-09,1e-09,1e-09,1e-09,1e-09,1e-09,1e-09,1e-09
1e-09,1e-09,1e-09,1e-09,1e-09,1e-09,1e-09,1e-09,1e-09,1e-09,1e-09,1e-09,1e-09,1e-09,1e-09,1e-09,1e-09,1e-09,1e-09,1e-09,1e-09,1e-09,1e-09,1e-09,1e-09,1e-09,1e-09,1e-09,1e-09,1e-09,1e-09,1e-09,1e-09,0.077798605,1e-09,0.097994745,1e-09,1e-09,1e-09,1e-09,1e-09,1e-09,1e-09,1e-09,1e-09,1e-09,1e-09,0.0007862747,1e-09,1e-09,1e-09,1e-09,1e-09,1e-09,1e-09,1e-09,1e-09,1e-09,1e-09,1e-09,0.005904317,1e-09,1e-09,1e-09,1e-09,1e-09,1e-09,1e-09,1e-09,1e-09,1e-09,1e-09,1e-09,0.009247273,1e-09,1e-09,1e-09,1e-09,0.004652083,1e-09,1e-09,1e-09,1e-09,1e-09,1e-09,1e-09,1e-09,1e-09,1e-09,1e-09,1e-09,1e-09,1e-09,1e-09,0.008280933,1e-09,1e-09,1e-09,1e-09,1e-09,1e-09,0.17517895,1e-09,1e-09,1e-09,1e-09,1e-09,1e-09,1e-09,1e-09,1e-09,1e-09,1e-09,1e-09,1e-09,0.0021039546,1e-09,1e-09,1e-09,1e-09,1e-09,1e-09,1e-09,1e-09,1e-09,0.028010547,1e-09,1e-09,1e-09,1e-09,1e-09,1e-09,1e-09,1e-09,1e-09,1e-09,1e-09,0.00071924925,1e-09,1e-09,1e-09,1e-09,1e-09,1e-09,1e-09,1e-09,1e-09,1e-09,1e-09,1e-09,1e-09,1e-09,1e-09,1e-09,1e-09,1e-09,1e-09,1e-09,1e-09,1e-09,1e-09,1e-09,1e-09,1e-09,1e-09,1e-09,1e-09,1e-09,1e-09,1e-09,1e-09,1e-09,1e-09,1e-09,1e-09,1e-09,1e-09,1e-09,1e-09,1e-09,1e-09,1e-09,1e-09,1e-09,1e-09,1e-09,1e-09,1e-09,1e-09,1e-09,1e-09,1e-09
1e-09,1e-09,1e-09,1e-09,1e-09,1e-09,1e-09,1e-09,1e-09,1e-09,1e-09,1e-09,1e-09,1e-09,1e-09,1e-09,1e-09,1e-09,1e-09,1e-09,1e-09,1e-09,1e-09,1e-09,1e-09,1e-09,1e-09,1e-09,1e-09,1e-09,1e-09,1e-09,1e-09,0.077798605,1e-09,0.06463504,1e-09,1e-09,1e-09,1e-09,1e-09,1e-09,1e-09,1e-09,1e-09,1e-09,1e-09,0.0007862747,1e-09,1e-09,1e-09,1e-09,1e-09,1e-09,1e-09,1e-09,1e-09,1e-09,1e-09,1e-09,0.005904317,1e-09,1e-09,1e-09,1e-09,1e-09,1e-09,1e-09,1e-09,1e-09,1e-09,1e-09,1e-09,0.009247273,1e-09,1e-09,1e-09,1e-09,0.004652083,1e-09,1e-09,1e-09,1e-09,1e-09,1e-09,1e-09,1e-09,1e-09,1e-09,1e-09,1e-09,1e-09,1e-09,1e-09,0.008280933,1e-09,1e-09,1e-09,1e-09,1e-09,1e-09,0.17517895,1e-09,1e-09,1e-09,1e-09,1e-09,1e-09,1e-09,1e-09,1e-09,1e-09,1e-09,1e-09,1e-09,0.0021039546,1e-09,1e-09,1e-09,1e-09,1e-09,1e-09,1e-09,1e-09,1e-09,0.028010547,1e-09,1e-09,1e-09,1e-09,1e-09,1e-09,1e-09,1e-09,1e-09,1e-09,1e-09,0.00071924925,1e-09,1e-09,1e-09,1e-09,1e-09,1e-09,1e-09,1e-09,1e-09,1e-09,1e-09,1e-09,1e-09,1e-09,1e-09,1e-09,1e-09,1e-09,1e-09,1e-09,1e-09,1e-09,1e-09,1e-09,1e-09,1e-09,1e-09,1e-09,1e-09,1e-09,1e-09,1e-09,1e-09,1e-09,1e-09,1e-09,1e-09,1e-09,1e-09,1e-09,1e-09,1e-09,1e-09,1e-09,1e-09,1e-09,1e-09,1e-09,1e-09,1e-09,1e-09,1e-09,1e-09,1e-09
1e-09,1e-09,1e-09,1e-09,1e-09,1e-09,1e-09,1e-09,1e-09,1e-09,1e-09,1e-09,1e-09,1e-09,1e-09,1e-09,1e-09,1e-09,1e-09,1e-09,1e-09,1e-09,1e-09,1e-09,1e-09,1e-09,1e-09,1e-09,1e-09,1e-09,1e-09,1e-09,1e-09,0.077798605,1e-09,0.06463504,1e-09,1e-09,1e-09,1e-09,1e-09,1e-09,1e-09,1e-09,1e-09,1e-09,1e-09,0.0007862747,1e-09,1e-09,1e-09,1e-09,1e-09,1e-09,1e-09,1e-09,1e-09,1e-09,1e-09,1e-09,0.005904317,1e-09,1e-09,1e-09,1e-09,1e-09,1e-09,1e-09,1e-09,1e-09,1e-09,1e-09,1e-09,0.009247273,1e-09,1e-09,1e-09,1e-09,0.004652083,1e-09,1e-09,1e-09,1e-09,1e-09,1e-09,1e-09,1e-09,1e-09,1e-09,1e-09,1e-09,1e-09,1e-09,1e-09,0.008280933,1e-09,1e-09,1e-09,1e-09,1e-09,1e-09,0.17517895,1e-09,1e-09,1e-09,1e-09,1e-09,1e-09,1e-09,1e-09,1e-09,1e-09,1e-09,1e-09,1e-09,0.0021039546,1e-09,1e-09,1e-09,1e-09,1e-09,1e-09,1e-09,1e-09,1e-09,0.028010547,1e-09,1e-09,1e-09,1e-09,1e-09,1e-09,1e-09,1e-09,1e-09,1e-09,1e-09,0.00071924925,1e-09,1e-09,1e-09,1e-09,1e-09,1e-09,1e-09,1e-09,1e-09,1e-09,1e-09,1e-09,1e-09,1e-09,1e-09,1e-09,1e-09,1e-09,1e-09,1e-09,1e-09,1e-09,1e-09,1e-09,1e-09,1e-09,1e-09,1e-09,1e-09,1e-09,1e-09,1e-09,1e-09,1e-09,1e-09,1e-09,1e-09,1e-09,1e-09,1e-09,1e-09,1e-09,1e-09,1e-09,1e-09,1e-09,1e-09,1e-09,1e-09,1e-09,1e-09,1e-09,1e-09,1e-09
1e-09,1e-09,1e-09,1e-09,1e-09,1e-09,1e-09,1e-09,1e-09,1e-09,1e-09,1e-09,1e-09,1e-09,1e-09,1e-09,1e-09,1e-09,1e-09,1e-09,1e-09,1e-09,1e-09,1e-09,1e-09,1e-09,1e-09,1e-09,1e-09,1e-09,1e-09,1e-09,1e-09,0.073168665,1e-09,0.06463504,1e-09,1e-09,1e-09,1e-09,1e-09,1e-09,1e-09,1e-09,1e-09,1e-09,1e-09,0.0007862747,1e-09,1e-09,1e-09,1e-09,1e-09,1e-09,1e-09,1e-09,1e-09,1e-09,1e-09,1e-09,0.0012376904,1e-09,1e-09,1e-09,1e-09,1e-09,1e-09,1e-09,1e-09,1e-09,1e-09,1e-09,1e-09,0.002757609,1e-09,1e-09,1e-09,1e-09,0.004652083,1e-09,1e-09,1e-09,1e-09,1e-09,1e-09,1e-09,1e-09,1e-09,1e-09,1e-09,1e-09,1e-09,1e-09,1e-09,0.008280933,1e-09,1e-09,1e-09,1e-09,1e-09,1e-09,0.065544546,1e-09,1e-09,1e-09,1e-09,1e-09,1e-09,1e-09,1e-09,1e-09,1e-09,1e-09,1e-09,1e-09,0.00031375885,1e-09,1e-09,1e-09,1e-09,1e-09,1e-09,1e-09,1e-09,1e-09,0.028010547,1e-09,1e-09,1e-09,1e-09,1e-09,1e-09,1e-09,1e-09,1e-09,1e-09,1e-09,9.211898e-05,1e-09,1e-09,1e-09,1e-09,1e-09,1e-09,1e-09,1e-09,1e-09,1e-09,1e-09,1e-09,1e-09,1e-09,1e-09,1e-09,1e-09,1e-09,1e-09,1e-09,1e-09,1e-09,1e-09,1e-09,1e-09,1e-09,1e-09,1e-09,1e-09,1e-09,1e-09,1e-09,1e-09,1e-09,1e-09,1e-09,1e-09,1e-09,1e-09,1e-09,1e-09,1e-09,1e-09,1e-09,1e-09,1e-09,1e-09,1e-09,1e-09,1e-09,1e-09,1e-09,1e-09,1e-09
1e-09,1e-09,1e-09,1e-09,1e-09,1e-09,1e-09,1e-09,1e-09,1e-09,1e-09,1e-09,1e-09,1e-09,1e-09,1e-09,1e-09,1e-09,1e-09,1e-09,1e-09,1e-09,1e-09,1e-09,1e-09,1e-09,1e-09,1e-09,1e-09,1e-09,1e-09,1e-09,1e-09,0.073168665,1e-09,0.06463504,1e-09,1e-09,1e-09,1e-09,1e-09,1e-09,1e-09,1e-09,1e-09,1e-09,1e-09,0.000110566616,1e-09,1e-09,1e-09,1e-09,1e-09,1e-09,1e-09,1e-09,1e-09,1e-09,1e-09,1e-09,0.0012376904,1e-09,1e-09,1e-09,1e-09,1e-09,1e-09,1e-09,1e-09,1e-09,1e-09,1e-09,1e-09,0.002757609,1e-09,1e-09,1e-09,1e-09,0.0010121465,1e-09,1e-09,1e-09,1e-09,1e-09,1e-09,1e-09,1e-09,1e-09,1e-09,1e-09,1e-09,1e-09,1e-09,1e-09,0.0018188953,1e-09,1e-09,1e-09,1e-09,1e-09,1e-09,0.065544546,1e-09,1e-09,1e-09,1e-09,1e-09,1e-09,1e-09,1e-09,1e-09,1e-09,1e-09,1e-09,1e-09,0.00031375885,1e-09,1e-09,1e-09,1e-09,1e-09,1e-09,1e-09,1e-09,1e-09,0.01096347,1e-09,1e-09,1e-09,1e-09,1e-09,1e-09,1e-09,1e-09,1e-09,1e-09,1e-09,9.211898e-05,1e-09,1e-09,1e-09,1e-09,1e-09,1e-09,1e-09,1e-09,1e-09,1e-09,1e-09,1e-09,1e-09,1e-09,1e-09,1e-09,1e-09,1e-09,1e-09,1e-09,1e-09,1e-09,1e-09,1e-09,1e-09,1e-09,1e-09,1e-09,1e-09,1e-09,1e-09,1e-09,1e-09,1e-09,1e-09,1e-09,1e-09,1e-09,1e-09,1e-09,1e-09,1e-09,1e-09,1e-09,1e-09,1e-09,1e-09,1e-09,1e-09,1e-09,1e-09,1e-09,1e-09,1e-09
1e-09,1e-09,1e-09,1e-09,1e-09,1e-09,1e-09,1e-09,1e-09,1e-09,1e-09,1e-09,1e-09,1e-09,1e-09,1e-09,1e-09,1e-09,1e-09,1e-09,1e-09,1e-09,1e-09,1e-09,1e-09,1e-09,1e-09,1e-09,1e-09,1e-09,1e-09,1e-09,1e-09,0.073168665,1e-09,0.041350007,1e-09,1e-09,1e-09,1e-09,1e-09,1e-09,1e-09,1e-09,1e-09,1e-09,1e-09,0.000110566616,1e-09,1e-09,1e-09,1e-09,1e-09,1e-09,1e-09,1e-09,1e-09,1e-09,1e-09,1e-09,0.0012376904,1e-09,1e-09,1e-09,1e-09,1e-09,1e-09,1e-09,1e-09,1e-09,1e-09,1e-09,1e-09,0.002757609,1e-09,1e-09,1e-09,1e-09,0.0010121465,1e-09,1e-09,1e-09,1e-09,1e-09,1e-09,1e-09,1e-09,1e-09,1e-09,1e-09,1e-09,1e-09,1e-09,1e-09,0.0018188953,1e-09,1e-09,1e-09,1e-09,1e-09,1e-09,0.065544546,1e-09,1e-09,1e-09,1e-09,1e-09,1e-09,1e-09,1e-09,1e-09,1e-09,1e-09,1e-09,1e-09,0.00031375885,1e-09,1e-09,1e-09,1e-09,1e-09,1e-09,1e-09,1e-09,1e-09,0.01096347,1e-09,1e-09,1e-09,1e-09,1e-09,1e-09,1e-09,1e-09,1e-09,1e-09,1e-09,9.211898e-05,1e-09,1e-09,1e-09,1e-09,1e-09,1e-09,1e-09,1e-09,1e-09,1e-09,1e-09,1e-09,1e-09,1e-09,1e-09,1e-09,1e-09,1e-09,1e-09,1e-09,1e-09,1e-09,1e-09,1e-09,1e-09,1e-09,1e-09,1e-09,1e-09,1e-09,1e-09,1e-09,1e-09,1e-09,1e-09,1e-09,1e-09,1e-09,1e-09,1e-09,1e-09,1e-09,1e-09,1e-09,1e-09,1e-09,1e-09,1e-09,1e-09,1e-09,1e-09,1e-09,1e-09,1e-09
1e-09,1e-09,1e-09,1e-09,1e-09,1e-09,1e-09,1e-09,1e-09,1e-09,1e-09,1e-09,1e-09,1e-09,1e-09,1e-09,1e-09,1e-09,1e-09,1e-09,1e-09,1e-09,1e-09,1e-09,1e-09,1e-09,1e-09,1e-09,1e-09,1e-09,1e-09,1e-09,1e-09,0.073168665,1e-09,0.041350007,1e-09,1e-09,1e-09,1e-09,1e-09,1e-09,1e-09,1e-09,1e-09,1e-09,1e-09,0.000110566616,1e-09,1e-09,1e-09,1e-09,1e-09,1e-09,1e-09,1e-09,1e-09,1e-09,1e-09,1e-09,0.0012376904,1e-09,1e-09,1e-09,1e-09,1e-09,1e-09,1e-09,1e-09,1e-09,1e-09,1e-09,1e-09,0.002757609,1e-09,1e-09,1e-09,1e-09,0.0010121465,1e-09,1e-09,1e-09,1e-09,1e-09,1e-09,1e-09,1e-09,1e-09,1e-09,1e-09,1e-09,1e-09,1e-09,1e-09,0.0018188953,1e-09,1e-09,1e-09,1e-09,1e-09,1e-09,0.065544546,1e-09,1e-09,1e-09,1e-09,1e-09,1e-09,1e-09,1e-09,1e-09,1e-09,1e-09,1e-09,1e-09,0.00031375885,1e-09,1e-09,1e-09,1e-09,1e-09,1e-09,1e-09,1e-09,1e-09,0.01096347,1e-09,1e-09,1e-09,1e-09,1e-09,1e-09,1e-09,1e-09,1e-09,1e-09,1e-09,9.211898e-05,1e-09,1e-09,1e-09,1e-09,1e-09,1e-09,1e-09,1e-09,1e-09,1e-09,1e-09,1e-09,1e-09,1e-09,1e-09,1e-09,1e-09,1e-09,1e-09,1e-09,1e-09,1e-09,1e-09,1e-09,1e-09,1e-09,1e-09,1e-09,1e-09,1e-09,1e-09,1e-09,1e-09,1e-09,1e-09,1e-09,1e-09,1e-09,1e-09,1e-09,1e-09,1e-09,1e-09,1e-09,1e-09,1e-09,1e-09,1e-09,1e-09,1e-09,1e-09,1e-09,1e-09,1e-09
1e-09,1e-09,1e-09,1e-09,1e-09,1e-09,1e-09,1e-09,1e-09,1e-09,1e-09,1e-09,1e-09,1e-09,1e-09,1e-09,1e-09,1e-09,1e-09,1e-09,1e-09,1e-09,1e-09,1e-09,1e-09,1e-09,1e-09,1e-09,1e-09,1e-09,1e-09,1e-09,1e-09,0.064572394,1e-09,0.041350007,1e-09,1e-09,1e-09,1e-09,1e-09,1e-09,1e-09,1e-09,1e-09,1e-09,1e-09,0.000110566616,1e-09,1e-09,1e-09,1e-09,1e-09,1e-09,1e-09,1e-09,1e-09,1e-09,1e-09,1e-09,0.00027269125,1e-09,1e-09,1e-09,1e-09,1e-09,1e-09,1e-09,1e-09,1e-09,1e-09,1e-09,1e-09,0.00082835555,1e-09,1e-09,1e-09,1e-09,0.0010121465,1e-09,1e-09,1e-09,1e-09,1e-09,1e-09,1e-09,1e-09,1e-09,1e-09,1e-09,1e-09,1e-09,1e-09,1e-09,0.0018188953,1e-09,1e-09,1e-09,1e-09,1e-09,1e-09,0.009452999,1e-09,1e-09,1e-09,1e-09,1e-09,1e-09,1e-09,1e-09,1e-09,1e-09,1e-09,1e-09,1e-09,5.236268e-05,1e-09,1e-09,1e-09,1e-09,1e-09,1e-09,1e-09,1e-09,1e-09,0.01096347,1e-09,1e-09,1e-09,1e-09,1e-09,1e-09,1e-09,1e-09,1e-09,1e-09,1e-09,1.424551e-05,1e-09,1e-09,1e-09,1e-09,1e-09,1e-09,1e-09,1e-09,1e-09,1e-09,1e-09,1e-09,1e-09,1e-09,1e-09,1e-09,1e-09,1e-09,1e-09,1e-09,1e-09,1e-09,1e-09,1e-09,1e-09,1e-09,1e-09,1e-09,1e-09,1e-09,1e-09,1e-09,1e-09,1e-09,1e-09,1e-09,1e-09,1e-09,1e-09,1e-09,1e-09,1e-09,1e-09,1e-09,1e-09,1e-09,1e-09,1e-09,1e-09,1e-09,1e-09,1e-09,1e-09,1e-09
1e-09,1e-09,1e-09,1e-09,1e-09,1e-09,1e-09,1e-09,1e-09,1e-09,1e-09,1e-09,1e-09,1e-09,1e-09,1e-09,1e-09,1e-09,1e-09,1e-09,1e-09,1e-09,1e-09,1e-09,1e-09,1e-09,1e-09,1e-09,1e-09,1e-09,1e-09,1e-09,1e-09,0.064572394,1e-09,0.041350007,1e-09,1e-09,1e-09,1e-09,1e-09,1e-09,1e-09,1e-09,1e-09,1e-09,1e-09,1.8715858e-05,1e-09,1e-09,1e-09,1e-09,1e-09,1e-09,1e-09,1e-09,1e-09,1e-09,1e-09,1e-09,0.00027269125,1e-09,1e-09,1e-09,1e-09,1e-09,1e-09,1e-09,1e-09,1e-09,1e-09,1e-09,1e-09,0.00082835555,1e-09,1e-09,1e-09,1e-09,0.00023007393,1e-09,1e-09,1e-09,1e-09,1e-09,1e-09,1e-09,1e-09,1e-09,1e-09,1e-09,1e-09,1e-09,1e-09,1e-09,0.00039294362,1e-09,1e-09,1e-09,1e-09,1e-09,1e-09,0.009452999,1e-09,1e-09,1e-09,1e-09,1e-09,1e-09,1e-09,1e-09,1e-09,1e-09,1e-09,1e-09,1e-09,5.236268e-05,1e-09,1e-09,1e-09,1e-09,1e-09,1e-09,1e-09,1e-09,1e-09,0.0043014884,1e-09,1e-09,1e-09,1e-09,1e-09,1e-09,1e-09,1e-09,1e-09,1e-09,1e-09,1.424551e-05,1e-09,1e-09,1e-09,1e-09,1e-09,1e-09,1e-09,1e-09,1e-09,1e-09,1e-09,1e-09,1e-09,1e-09,1e-09,1e-09,1e-09,1e-09,1e-09,1e-09,1e-09,1e-09,1e-09,1e-09,1e-09,1e-09,1e-09,1e-09,1e-09,1e-09,1e-09,1e-09,1e-09,1e-09,1e-09,1e-09,1e-09,1e-09,1e-09,1e-09,1e-09,1e-09,1e-09,1e-09,1e-09,1e-09,1e-09,1e-09,1e-09,1e-09,1e-09,1e-09,1e-09,1e-09
1e-09,1e-09,1e-09,1e-09,1e-09,1e-09,1e-09,1e-09,1e-09,1e-09,1e-09,1e-09,1e-09,1e-09,1e-09,1e-09,1e-09,1e-09,1e-09,1e-09,1e-09,1e-09,1e-09,1e-09,1e-09,1e-09,1e-09,1e-09,1e-09,1e-09,1e-09,1e-09,1e-09,0.064572394,1e-09,0.025340676,1e-09,1e-09,1e-09,1e-09,1e-09,1e-09,1e-09,1e-09,1e-09,1e-09,1e-09,1.8715858e-05,1e-09,1e-09,1e-09,1e-09,1e-09,1e-09,1e-09,1e-09,1e-09,1e-09,1e-09,1e-09,0.00027269125,1e-09,1e-09,1e-09,1e-09,1e-09,1e-09,1e-09,1e-09,1e-09,1e-09,1e-09,1e-09,0.00082835555,1e-09,1e-09,1e-09,1e-09,0.00023007393,1e-09,1e-09,1e-09,1e-09,1e-09,1e-09,1e-09,1e-09,1e-09,1e-09,1e-09,1e-09,1e-09,1e-09,1e-09,0.00039294362,1e-09,1e-09,1e-09,1e-09,1e-09,1e-09,0.009452999,1e-09,1e-09,1e-09,1e-09,1e-09,1e-09,1e-09,1e-09,1e-09,1e-09,1e-09,1e-09,1e-09,5.236268e-05,1e-09,1e-09,1e-09,1e-09,1e-09,1e-09,1e-09,1e-09,1e-09,0.0043014884,1e-09,1e-09,1e-09,1e-09,1e-09,1e-09,1e-09,1e-09,1e-09,1e-09,1e-09,1.424551e-05,1e-09,1e-09,1e-09,1e-09,1e-09,1e-09,1e-09,1e-09,1e-09,1e-09,1e-09,1e-09,1e-09,1e-09,1e-09,1e-09,1e-09,1e-09,1e-09,1e-09,1e-09,1e-09,1e-09,1e-09,1e-09,1e-09,1e-09,1e-09,1e-09,1e-09,1e-09,1e-09,1e-09,1e-09,1e-09,1e-09,1e-09,1e-09,1e-09,1e-09,1e-09,1e-09,1e-09,1e-09,1e-09,1e-09,1e-09,1e-09,1e-09,1e-09,1e-09,1e-09,1e-09,1e-09
1e-09,1e-09,1e-09,1e-09,1e-09,1e-09,1e-09,1e-09,1e-09,1e-09,1e-09,1e-09,1e-09,1e-09,1e-09,1e-09,1e-09,1e-09,1e-09,1e-09,1e-09,1e-09,1e-09,1e-09,1e-09,1e-09,1e-09,1e-09,1e-09,1e-09,1e-09,1e-09,1e-09,0.064572394,1e-09,0.025340676,1e-09,1e-09,1e-09,1e-09,1e-09,1e-09,1e-09,1e-09,1e-09,1e-09,1e-09,1.8715858e-05,1e-09,1e-09,1e-09,1e-09,1e-09,1e-09,1e-09,1e-09,1e-09,1e-09,1e-09,1e-09,0.00027269125,1e-09,1e-09,1e-09,1e-09,1e-09,1e-09,1e-09,1e-09,1e-09,1e-09,1e-09,1e-09,0.00082835555,1e-09,1e-09,1e-09,1e-09,0.00023007393,1e-09,1e-09,1e-09,1e-09,1e-09,1e-09,1e-09,1e-09,1e-09,1e-09,1e-09,1e-09,1e-09,1e-09,1e-09,0.00039294362,1e-09,1e-09,1e-09,1e-09,1e-09,1e-09,0.009452999,1e-09,1e-09,1e-09,1e-09,1e-09,1e-09,1e-09,1e-09,1e-09,1e-09,1e-09,1e-09,1e-09,5.236268e-05,1e-09,1e-09,1e-09,1e-09,1e-09,1e-09,1e-09,1e-09,1e-09,0.0043014884,1e-09,1e-09,1e-09,1e-09,1e-09,1e-09,1e-09,1e-09,1e-09,1e-09,1e-09,1.424551e-05,1e-09,1e-09,1e-09,1e-09,1e-09,1e-09,1e-09,1e-09,1e-09,1e-09,1e-09,1e-09,1e-09,1e-09,1e-09,1e-09,1e-09,1e-09,1e-09,1e-09,1e-09,1e-09,1e-09,1e-09,1e-09,1e-09,1e-09,1e-09,1e-09,1e-09,1e-09,1e-09,1e-09,1e-09,1e-09,1e-09,1e-09,1e-09,1e-09,1e-09,1e-09,1e-09,1e-09,1e-09,1e-09,1e-09,1e-09,1e-09,1e-09,1e-09,1e-09,1e-09,1e-09,1e-09
1e-09,1e-09,1e-09,1e-09,1e-09,1e-09,1e-09,1e-09,1e-09,1e-09,1e-09,1e-09,1e-09,1e-09,1e-09,1e-09,1e-09,1e-09,1e-09,1e-09,1e-09,1e-09,1e-09,1e-09,1e-09,1e-09,1e-09,1e-09,1e-09,1e-09,1e-09,1e-09,1e-09,0.053110212,1e-09,0.025340676,1e-09,1e-09,1e-09,1e-09,1e-09,1e-09,1e-09,1e-09,1e-09,1e-09,1e-09,1.8715858e-05,1e-09,1e-09,1e-09,1e-09,1e-09,1e-09,1e-09,1e-09,1e-09,1e-09,1e-09,1e-09,6.1392784e-05,1e-09,1e-09,1e-09,1e-09,1e-09,1e-09,1e-09,1e-09,1e-09,1e-09,1e-09,1e-09,0.0002490282,1e-09,1e-09,1e-09,1e-09,0.00023007393,1e-09,1e-09,1e-09,1e-09,1e-09,1e-09,1e-09,1e-09,1e-09,1e-09,1e-09,1e-09,1e-09,1e-09,1e-09,0.00039294362,1e-09,1e-09,1e-09,1e-09,1e-09,1e-09,0.0007431805,1e-09,1e-09,1e-09,1e-09,1e-09,1e-09,1e-09,1e-09,1e-09,1e-09,1e-09,1e-09,1e-09,9.387732e-06,1e-09,1e-09,1e-09,1e-09,1e-09,1e-09,1e-09,1e-09,1e-09,0.0043014884,1e-09,1e-09,1e-09,1e-09,1e-09,1e-09,1e-09,1e-09,1e-09,1e-09,1e-09,2.413988e-06,1e-09,1e-09,1e-09,1e-09,1e-09,1e-09,1e-09,1e-09,1e-09,1e-09,1e-09,1e-09,1e-09,1e-09,1e-09,1e-09,1e-09,1e-09,1e-09,1e-09,1e-09,1e-09,1e-09,1e-09,1e-09,1e-09,1e-09,1e-09,1e-09,1e-09,1e-09,1e-09,1e-09,1e-09,1e-09,1e-09,1e-09,1e-09,1e-09,1e-09,1e-09,1e-09,1e-09,1e-09,1e-09,1e-09,1e-09,1e-09,1e-09,1e-09,1e-09,1e-09,1e-09,1e-09
1e-09,1e-09,1e-09,1e-09,1e-09,1e-09,1e-09,1e-09,1e-09,1e-09,1e-09,1e-09,1e-09,1e-09,1e-09,1e-09,1e-09,1e-09,1e-09,1e-09,1e-09,1e-09,1e-09,1e-09,1e-09,1e-09,1e-09,1e-09,1e-09,1e-09,1e-09,1e-09,1e-09,0.053110212,1e-09,0.025340676,1e-09,1e-09,1e-09,1e-09,1e-09,1e-09,1e-09,1e-09,1e-09,1e-09,1e-09,3.4868717e-06,1e-09,1e-09,1e-09,1e-09,1e-09,1e-09,1e-09,1e-09,1e-09,1e-09,1e-09,1e-09,6.1392784e-05,1e-09,1e-09,1e-09,1e-09,1e-09,1e-09,1e-09,1e-09,1e-09,1e-09,1e-09,1e-09,0.0002490282,1e-09,1e-09,1e-09,1e-09,5.3167343e-05,1e-09,1e-09,1e-09,1e-09,1e-09,1e-09,1e-09,1e-09,1e-09,1e-09,1e-09,1e-09,1e-09,1e-09,1e-09,8.4131956e-05,1e-09,1e-09,1e-09,1e-09,1e-09,1e-09,0.0007431805,1e-09,1e-09,1e-09,1e-09,1e-09,1e-09,1e-09,1e-09,1e-09,1e-09,1e-09,1e-09,1e-09,9.387732e-06,1e-09,1e-09,1e-09,1e-09,1e-09,1e-09,1e-09,1e-09,1e-09,0.0016852617,1e-09,1e-09,1e-09,1e-09,1e-09,1e-09,1e-09,1e-09,1e-09,1e-09,1e-09,2.413988e-06,1e-09,1e-09,1e-09,1e-09,1e-09,1e-09,1e-09,1e-09,1e-09,1e-09,1e-09,1e-09,1e-09,1e-09,1e-09,1e-09,1e-09,1e-09,1e-09,1e-09,1e-09,1e-09,1e-09,1e-09,1e-09,1e-09,1e-09,1e-09,1e-09,1e-09,1e-09,1e-09,1e-09,1e-09,1e-09,1e-09,1e-09,1e-09,1e-09,1e-09,1e-09,1e-09,1e-09,1e-09,1e-09,1e-09,1e-09,1e-09,1e-09,1e-09,1e-09,1e-09,1e-09,1e-09
1e-09,1e-09,1e-09,1e-09,1e-09,1e-09,1e-09,1e-09,1e-09,1e-09,1e-09,1e-09,1e-09,1e-09,1e-09,1e-09,1e-09,1e-09,1e-09,1e-09,1e-09,1e-09,1e-09,1e-09,1e-09,1e-09,1e-09,1e-09,1e-09,1e-09,1e-09,1e-09,1e-09,0.053110212,1e-09,0.014926463,1e-09,1e-09,1e-09,1e-09,1e-09,1e-09,1e-09,1e-09,1e-09,1e-09,1e-09,3.4868717e-06,1e-09,1e-09,1e-09,1e-09,1e-09,1e-09,1e-09,1e-09,1e-09,1e-09,1e-09,1e-09,6.1392784e-05,1e-09,1e-09,1e-09,1e-09,1e-09,1e-09,1e-09,1e-09,1e-09,1e-09,1e-09,1e-09,0.0002490282,1e-09,1e-09,1e-09,1e-09,5.3167343e-05,1e-09,1e-09,1e-09,1e-09,1e-09,1e-09,1e-09,1e-09,1e-09,1e-09,1e-09,1e-09,1e-09,1e-09,1e-09,8.4131956e-05,1e-09,1e-09,1e-09,1e-09,1e-09,1e-09,0.0007431805,1e-09,1e-09,1e-09,1e-09,1e-09,1e-09,1e-09,1e-09,1e-09,1e-09,1e-09,1e-09,1e-09,9.387732e-06,1e-09,1e-09,1e-09,1e-09,1e-09,1e-09,1e-09,1e-09,1e-09,0.0016852617,1e-09,1e-09,1e-09,1e-09,1e-09,1e-09,1e-09,1e-09,1e-09,1e-09,1e-09,2.413988e-06,1e-09,1e-09,1e-09,1e-09,1e-09,1e-09,1e-09,1e-09,1e-09,1e-09,1e-09,1e-09,1e-09,1e-09,1e-09,1e-09,1e-09,1e-09,1e-09,1e-09,1e-09,1e-09,1e-09,1e-09,1e-09,1e-09,1e-09,1e-09,1e-09,1e-09,1e-09,1e-09,1e-09,1e-09,1e-09,1e-09,1e-09,1e-09,1e-09,1e-09,1e-09,1e-09,1e-09,1e-09,1e-09,1e-09,1e-09,1e-09,1e-09,1e-09,1e-09,1e-09,1e-09,1e-09
1e-09,1e-09,1e-09,1e-09,1e-09,1e-09,1e-09,1e-09,1e-09,1e-09,1e-09,1e-09,1e-09,1e-09,1e-09,1e-09,1e-09,1e-09,1e-09,1e-09,1e-09,1e-09,1e-09,1e-09,1e-09,1e-09,1e-09,1e-09,1e-09,1e-09,1e-09,1e-09,1e-09,0.053110212,1e-09,0.014926463,1e-09,1e-09,1e-09,1e-09,1e-09,1e-09,1e-09,1e-09,1e-09,1e-09,1e-09,3.4868717e-06,1e-09,1e-09,1e-09,1e-09,1e-09,1e-09,1e-09,1e-09,1e-09,1e-09,1e-09,1e-09,6.1392784e-05,1e-09,1e-09,1e-09,1e-09,1e-09,1e-09,1e-09,1e-09,1e-09,1e-09,1e-09,1e-09,0.0002490282,1e-09,1e-09,1e-09,1e-09,5.3167343e-05,1e-09,1e-09,1e-09,1e-09,1e-09,1e-09,1e-09,1e-09,1e-09,1e-09,1e-09,1e-09,1e-09,1e-09,1e-09,8.4131956e-05,1e-09,1e-09,1e-09,1e-09,1e-09,1e-09,0.0007431805,1e-09,1e-09,1e-09,1e-09,1e-09,1e-09,1e-09,1e-09,1e-09,1e-09,1e-09,1e-09,1e-09,9.387732e-06,1e-09,1e-09,1e-09,1e-09,1e-09,1e-09,1e-09,1e-09,1e-09,0.0016852617,1e-09,1e-09,1e-09,1e-09,1e-09,1e-09,1e-09,1e-09,1e-09,1e-09,1e-09,2.413988e-06,1e-09,1e-09,1e-09,1e-09,1e-09,1e-09,1e-09,1e-09,1e-09,1e-09,1e-09,1e-09,1e-09,1e-09,1e-09,1e-09,1e-09,1e-09,1e-09,1e-09,1e-09,1e-09,1e-09,1e-09,1e-09,1e-09,1e-09,1e-09,1e-09,1e-09,1e-09,1e-09,1e-09,1e-09,1e-09,1e-09,1e-09,1e-09,1e-09,1e-09,1e-09,1e-09,1e-09,1e-09,1e-09,1e-09,1e-09,1e-09,1e-09,1e-09,1e-09,1e-09,1e-09,1e-09
1e-09,1e-09,1e-09,1e-09,1e-09,1e-09,1e-09,1e-09,1e-09,1e-09,1e-09,1e-09,1e-09,1e-09,1e-09,1e-09,1e-09,1e-09,1e-09,1e-09,1e-09,1e-09,1e-09,1e-09,1e-09,1e-09,1e-09,1e-09,1e-09,1e-09,1e-09,1e-09,1e-09,0.04057026,1e-09,0.014926463,1e-09,1e-09,1e-09,1e-09,1e-09,1e-09,1e-09,1e-09,1e-09,1e-09,1e-09,3.4868717e-06,1e-09,1e-09,1e-09,1e-09,1e-09,1e-09,1e-09,1e-09,1e-09,1e-09,1e-09,1e-09,1.3947487e-05,1e-09,1e-09,1e-09,1e-09,1e-09,1e-09,1e-09,1e-09,1e-09,1e-09,1e-09,1e-09,7.4893236e-05,1e-09,1e-09,1e-09,1e-09,5.3167343e-05,1e-09,1e-09,1e-09,1e-09,1e-09,1e-09,1e-09,1e-09,1e-09,1e-09,1e-09,1e-09,1e-09,1e-09,1e-09,8.4131956e-05,1e-09,1e-09,1e-09,1e-09,1e-09,1e-09,4.4733286e-05,1e-09,1e-09,1e-09,1e-09,1e-09,1e-09,1e-09,1e-09,1e-09,1e-09,1e-09,1e-09,1e-09,1.6987324e-06,1e-09,1e-09,1e-09,1e-09,1e-09,1e-09,1e-09,1e-09,1e-09,0.0016852617,1e-09,1e-09,1e-09,1e-09,1e-09,1e-09,1e-09,1e-09,1e-09,1e-09,1e-09,3.2782555e-07,1e-09,1e-09,1e-09,1e-09,1e-09,1e-09,1e-09,1e-09,1e-09,1e-09,1e-09,1e-09,1e-09,1e-09,1e-09,1e-09,1e-09,1e-09,1e-09,1e-09,1e-09,1e-09,1e-09,1e-09,1e-09,1e-09,1e-09,1e-09,1e-09,1e-09,1e-09,1e-09,1e-09,1e-09,1e-09,1e-09,1e-09,1e-09,1e-09,1e-09,1e-09,1e-09,1e-09,1e-09,1e-09,1e-09,1e-09,1e-09,1e-09,1e-09,1e-09,1e-09,1e-09,1e-09
1e-09,1e-09,1e-09,1e-09,1e-09,1e-09,1e-09,1e-09,1e-09,1e-09,1e-09,1e-09,1e-09,1e-09,1e-09,1e-09,1e-09,1e-09,1e-09,1e-09,1e-09,1e-09,1e-09,1e-09,1e-09,1e-09,1e-09,1e-09,1e-09,1e-09,1e-09,1e-09,1e-09,0.04057026,1e-09,0.014926463,1e-09,1e-09,1e-09,1e-09,1e-09,1e-09,1e-09,1e-09,1e-09,1e-09,1e-09,6.2584877e-07,1e-09,1e-09,1e-09,1e-09,1e-09,1e-09,1e-09,1e-09,1e-09,1e-09,1e-09,1e-09,1.3947487e-05,1e-09,1e-09,1e-09,1e-09,1e-09,1e-09,1e-09,1e-09,1e-09,1e-09,1e-09,1e-09,7.4893236e-05,1e-09,1e-09,1e-09,1e-09,1.23381615e-05,1e-09,1e-09,1e-09,1e-09,1e-09,1e-09,1e-09,1e-09,1e-09,1e-09,1e-09,1e-09,1e-09,1e-09,1e-09,1.7911196e-05,1e-09,1e-09,1e-09,1e-09,1e-09,1e-09,4.4733286e-05,1e-09,1e-09,1e-09,1e-09,1e-09,1e-09,1e-09,1e-09,1e-09,1e-09,1e-09,1e-09,1e-09,1.6987324e-06,1e-09,1e-09,1e-09,1e-09,1e-09,1e-09,1e-09,1e-09,1e-09,0.0006593764,1e-09,1e-09,1e-09,1e-09,1e-09,1e-09,1e-09,1e-09,1e-09,1e-09,1e-09,3.2782555e-07,1e-09,1e-09,1e-09,1e-09,1e-09,1e-09,1e-09,1e-09,1e-09,1e-09,1e-09,1e-09,1e-09,1e-09,1e-09,1e-09,1e-09,1e-09,1e-09,1e-09,1e-09,1e-09,1e-09,1e-09,1e-09,1e-09,1e-09,1e-09,1e-09,1e-09,1e-09,1e-09,1e-09,1e-09,1e-09,1e-09,1e-09,1e-09,1e-09,1e-09,1e-09,1e-09,1e-09,1e-09,1e-09,1e-09,1e-09,1e-09,1e-09,1e-09,1e-09,1e-09,1e-09,1e-09
1e-09,1e-09,1e-09,1e-09,1e-09,1e-09,1e-09,1e-09,1e-09,1e-09,1e-09,1e-09,1e-09,1e-09,1e-09,1e-09,1e-09,1e-09,1e-09,1e-09,1e-09,1e-09,1e-09,1e-09,1e-09,1e-09,1e-09,1e-09,1e-09,1e-09,1e-09,1e-09,1e-09,0.04057026,1e-09,0.008527547,1e-09,1e-09,1e-09,1e-09,1e-09,1e-09,1e-09,1e-09,1e-09,1e-09,1e-09,6.2584877e-07,1e-09,1e-09,1e-09,1e-09,1e-09,1e-09,1e-09,1e-09,1e-09,1e-09,1e-09,1e-09,1.3947487e-05,1e-09,1e-09,1e-09,1e-09,1e-09,1e-09,1e-09,1e-09,1e-09,1e-09,1e-09,1e-09,7.4893236e-05,1e-09,1e-09,1e-09,1e-09,1.23381615e-05,1e-09,1e-09,1e-09,1e-09,1e-09,1e-09,1e-09,1e-09,1e-09,1e-09,1e-09,1e-09,1e-09,1e-09,1e-09,1.7911196e-05,1e-09,1e-09,1e-09,1e-09,1e-09,1e-09,4.4733286e-05,1e-09,1e-09,1e-09,1e-09,1e-09,1e-09,1e-09,1e-09,1e-09,1e-09,1e-09,1e-09,1e-09,1.6987324e-06,1e-09,1e-09,1e-09,1e-09,1e-09,1e-09,1e-09,1e-09,1e-09,0.0006593764,1e-09,1e-09,1e-09,1e-09,1e-09,1e-09,1e-09,1e-09,1e-09,1e-09,1e-09,3.2782555e-07,1e-09,1e-09,1e-09,1e-09,1e-09,1e-09,1e-09,1e-09,1e-09,1e-09,1e-09,1e-09,1e-09,1e-09,1e-09,1e-09,1e-09,1e-09,1e-09,1e-09,1e-09,1e-09,1e-09,1e-09,1e-09,1e-09,1e-09,1e-09,1e-09,1e-09,1e-09,1e-09,1e-09,1e-09,1e-09,1e-09,1e-09,1e-09,1e-09,1e-09,1e-09,1e-09,1e-09,1e-09,1e-09,1e-09,1e-09,1e-09,1e-09,1e-09,1e-09,1e-09,1e-09,1e-09
1e-09,1e-09,1e-09,1e-09,1e-09,1e-09,1e-09,1e-09,1e-09,1e-09,1e-09,1e-09,1e-09,1e-09,1e-09,1e-09,1e-09,1e-09,1e-09,1e-09,1e-09,1e-09,1e-09,1e-09,1e-09,1e-09,1e-09,1e-09,1e-09,1e-09,1e-09,1e-09,1e-09,0.04057026,1e-09,0.008527547,1e-09,1e-09,1e-09,1e-09,1e-09,1e-09,1e-09,1e-09,1e-09,1e-09,1e-09,6.2584877e-07,1e-09,1e-09,1e-09,1e-09,1e-09,1e-09,1e-09,1e-09,1e-09,1e-09,1e-09,1e-09,1.3947487e-05,1e-09,1e-09,1e-09,1e-09,1e-09,1e-09,1e-09,1e-09,1e-09,1e-09,1e-09,1e-09,7.4893236e-05,1e-09,1e-09,1e-09,1e-09,1.23381615e-05,1e-09,1e-09,1e-09,1e-09,1e-09,1e-09,1e-09,1e-09,1e-09,1e-09,1e-09,1e-09,1e-09,1e-09,1e-09,1.7911196e-05,1e-09,1e-09,1e-09,1e-09,1e-09,1e-09,4.4733286e-05,1e-09,1e-09,1e-09,1e-09,1e-09,1e-09,1e-09,1e-09,1e-09,1e-09,1e-09,1e-09,1e-09,1.6987324e-06,1e-09,1e-09,1e-09,1e-09,1e-09,1e-09,1e-09,1e-09,1e-09,0.0006593764,1e-09,1e-09,1e-09,1e-09,1e-09,1e-09,1e-09,1e-09,1e-09,1e-09,1e-09,3.2782555e-07,1e-09,1e-09,1e-09,1e-09,1e-09,1e-09,1e-09,1e-09,1e-09,1e-09,1e-09,1e-09,1e-09,1e-09,1e-09,1e-09,1e-09,1e-09,1e-09,1e-09,1e-09,1e-09,1e-09,1e-09,1e-09,1e-09,1e-09,1e-09,1e-09,1e-09,1e-09,1e-09,1e-09,1e-09,1e-09,1e-09,1e-09,1e-09,1e-09,1e-09,1e-09,1e-09,1e-09,1e-09,1e-09,1e-09,1e-09,1e-09,1e-09,1e-09,1e-09,1e-09,1e-09,1e-09
1e-09,1e-09,1e-09,1e-09,1e-09,1e-09,1e-09,1e-09,1e-09,1e-09,1e-09,1e-09,1e-09,1e-09,1e-09,1e-09,1e-09,1e-09,1e-09,1e-09,1e-09,1e-09,1e-09,1e-09,1e-09,1e-09,1e-09,1e-09,1e-09,1e-09,1e-09,1e-09,1e-09,0.028792411,1e-09,0.008527547,1e-09,1e-09,1e-09,1e-09,1e-09,1e-09,1e-09,1e-09,1e-09,1e-09,1e-09,6.2584877e-07,1e-09,1e-09,1e-09,1e-09,1e-09,1e-09,1e-09,1e-09,1e-09,1e-09,1e-09,1e-09,3.2484531e-06,1e-09,1e-09,1e-09,1e-09,1e-09,1e-09,1e-09,1e-09,1e-09,1e-09,1e-09,1e-09,2.2441149e-05,1e-09,1e-09,1e-09,1e-09,1.23381615e-05,1e-09,1e-09,1e-09,1e-09,1e-09,1e-09,1e-09,1e-09,1e-09,1e-09,1e-09,1e-09,1e-09,1e-09,1e-09,1.7911196e-05,1e-09,1e-09,1e-09,1e-09,1e-09,1e-09,2.592802e-06,1e-09,1e-09,1e-09,1e-09,1e-09,1e-09,1e-09,1e-09,1e-09,1e-09,1e-09,1e-09,1e-09,3.5762787e-07,1e-09,1e-09,1e-09,1e-09,1e-09,1e-09,1e-09,1e-09,1e-09,0.0006593764,1e-09,1e-09,1e-09,1e-09,1e-09,1e-09,1e-09,1e-09,1e-09,1e-09,1e-09,1.7881393e-07,1e-09,1e-09,1e-09,1e-09,1e-09,1e-09,1e-09,1e-09,1e-09,1e-09,1e-09,1e-09,1e-09,1e-09,1e-09,1e-09,1e-09,1e-09,1e-09,1e-09,1e-09,1e-09,1e-09,1e-09,1e-09,1e-09,1e-09,1e-09,1e-09,1e-09,1e-09,1e-09,1e-09,1e-09,1e-09,1e-09,1e-09,1e-09,1e-09,1e-09,1e-09,1e-09,1e-09,1e-09,1e-09,1e-09,1e-09,1e-09,1e-09,1e-09,1e-09,1e-09,1e-09,1e-09
